{
  "properties": {
    "connectionReferences": {
      "shared_commondataserviceforapps": {
        "runtimeSource": "embedded",
        "connection": {
          "connectionReferenceLogicalName": "bah_sharedcommondataserviceforapps_9d4f6"
        },
        "api": {
          "name": "shared_commondataserviceforapps"
        }
      }
    },
    "definition": {
      "$schema": "https://schema.management.azure.com/providers/Microsoft.Logic/schemas/2016-06-01/workflowdefinition.json#",
      "contentVersion": "1.0.0.0",
      "parameters": {
        "$connections": {
          "defaultValue": {},
          "type": "Object"
        },
        "$authentication": {
          "defaultValue": {},
          "type": "SecureObject"
        }
      },
      "triggers": {
        "When_a_Help_Ticket_is_Modified": {
          "metadata": {
            "operationMetadataId": "ad3cf80a-a953-4336-9878-60cd7158fee5"
          },
          "type": "OpenApiConnectionWebhook",
          "inputs": {
            "host": {
              "connectionName": "shared_commondataserviceforapps",
              "operationId": "SubscribeWebhookTrigger",
              "apiId": "/providers/Microsoft.PowerApps/apis/shared_commondataserviceforapps"
            },
            "parameters": {
              "subscriptionRequest/message": 3,
              "subscriptionRequest/entityname": "bah_help_ticket",
              "subscriptionRequest/scope": 4,
              "subscriptionRequest/filteringattributes": "bah_applyroles",
              "subscriptionRequest/filterexpression": "(statecode eq 0 and bah_removeroles eq false and _bah_rolesfromuser_value eq null and bah_applyroles eq true and _bah_updateuser_value ne null)"
            },
            "authentication": "@parameters('$authentication')"
          },
          "conditions": [
            {
              "expression": "@equals(triggerBody()?['bah_applyroles'],true)"
            }
          ]
        }
      },
      "actions": {
        "Cancel_if_Remove_Roles": {
          "actions": {
            "Terminate": {
              "runAfter": {},
              "metadata": {
                "operationMetadataId": "d9f00f96-2240-4eba-aa8d-1a95fe9d712a"
              },
              "type": "Terminate",
              "inputs": {
                "runStatus": "Cancelled"
              }
            }
          },
          "runAfter": {},
          "expression": {
            "equals": [
              "@triggerOutputs()?['body/bah_removeroles']",
              1
            ]
          },
          "metadata": {
            "operationMetadataId": "81855aba-fdba-4b6d-a211-e2a45c3a1932"
          },
          "type": "If"
        },
        "Update_a_row": {
          "runAfter": {
            "Apply_to_each": [
              "Succeeded"
            ]
          },
          "metadata": {
            "operationMetadataId": "60bd67d9-f36a-4d1c-948e-7b0342861adb"
          },
          "type": "OpenApiConnection",
          "inputs": {
            "host": {
              "connectionName": "shared_commondataserviceforapps",
              "operationId": "UpdateRecord",
              "apiId": "/providers/Microsoft.PowerApps/apis/shared_commondataserviceforapps"
            },
            "parameters": {
              "entityName": "bah_help_tickets",
              "recordId": "@triggerOutputs()?['body/bah_help_ticketid']",
              "item/bah_applyroles": false
            },
            "authentication": "@parameters('$authentication')"
          }
        },
        "List_Job_Role": {
          "runAfter": {
            "Cancel_if_Remove_Roles": [
              "Succeeded"
            ]
          },
          "metadata": {
            "operationMetadataId": "c81b6d67-0436-4b21-9539-515d21581fe3"
          },
          "type": "OpenApiConnection",
          "inputs": {
            "host": {
              "connectionName": "shared_commondataserviceforapps",
              "operationId": "ListRecords",
              "apiId": "/providers/Microsoft.PowerApps/apis/shared_commondataserviceforapps"
            },
            "parameters": {
              "entityName": "bah_job_roles",
              "$filter": "(bah_name eq '@{triggerOutputs()?['body/bah_applicationname']}')"
            },
            "authentication": "@parameters('$authentication')"
          }
        },
        "List_Role_Selections_from_Job_Role": {
          "runAfter": {
            "Get_Job_Role_ID": [
              "Succeeded"
            ]
          },
          "metadata": {
            "operationMetadataId": "e8d1cd5c-413c-4638-9e7c-5c82f9679899"
          },
          "type": "OpenApiConnection",
          "inputs": {
            "host": {
              "connectionName": "shared_commondataserviceforapps",
              "operationId": "ListRecords",
              "apiId": "/providers/Microsoft.PowerApps/apis/shared_commondataserviceforapps"
            },
            "parameters": {
              "entityName": "bah_role_selections",
              "fetchXml": "<fetch version=\"1.0\" mapping=\"logical\" no-lock=\"false\" distinct=\"true\">\n    <entity name=\"bah_role_selection\">\n        <attribute name=\"bah_role_selectionid\"/>\n        <attribute name=\"bah_name\"/>\n        <order attribute=\"bah_name\" descending=\"false\"/>\n        <filter type=\"and\">\n            <condition attribute=\"statecode\" operator=\"eq\" value=\"0\"/>\n        </filter>\n        <link-entity name=\"bah_job_role_bah_role_selection\" intersect=\"true\" visible=\"false\" from=\"bah_role_selectionid\" to=\"bah_role_selectionid\">\n            <link-entity name=\"bah_job_role\" alias=\"ad\" from=\"bah_job_roleid\" to=\"bah_job_roleid\">\n                <filter type=\"and\">\n                    <condition attribute=\"bah_job_roleid\" operator=\"eq\" value=\"@{outputs('Get_Job_Role_ID')}\"/>\n                </filter>\n            </link-entity>\n        </link-entity>\n        <attribute name=\"bah_securityrole\"/>\n    </entity>\n</fetch>"
            },
            "authentication": "@parameters('$authentication')"
          }
        },
        "Apply_to_each": {
          "foreach": "@outputs('List_Role_Selections_from_Job_Role')?['body/value']",
          "actions": {
            "Get_a_Security_Role_by_ID": {
              "runAfter": {},
              "metadata": {
                "operationMetadataId": "3fdf64b9-99c8-4a2e-a149-fd553a8d20e1"
              },
              "type": "OpenApiConnection",
              "inputs": {
                "host": {
                  "connectionName": "shared_commondataserviceforapps",
                  "operationId": "GetItem",
                  "apiId": "/providers/Microsoft.PowerApps/apis/shared_commondataserviceforapps"
                },
                "parameters": {
                  "entityName": "roles",
                  "recordId": "@items('Apply_to_each')?['_bah_securityrole_value']"
                },
                "authentication": "@parameters('$authentication')"
              }
            },
            "Add_a_new_Note_to_Help_Ticket_2": {
              "runAfter": {
                "Get_a_Update_User": [
                  "Succeeded"
                ]
              },
              "metadata": {
                "operationMetadataId": "148b3b60-51ca-4625-ac9d-b34dd27926d9"
              },
              "type": "OpenApiConnection",
              "inputs": {
                "host": {
                  "connectionName": "shared_commondataserviceforapps",
                  "operationId": "CreateRecord",
                  "apiId": "/providers/Microsoft.PowerApps/apis/shared_commondataserviceforapps"
                },
                "parameters": {
                  "entityName": "annotations",
                  "item/subject": "@{outputs('Get_a_Security_Role_by_ID')?['body/name']} Added",
                  "item/notetext": " @{outputs('Get_a_Security_Role_by_ID')?['body/name']} Removed added to user  @{outputs('Get_a_Update_User')?['body/fullname']}",
                  "item/objectid_bah_help_ticket@odata.bind": "/bah_help_tickets(@{triggerOutputs()?['body/bah_help_ticketid']})"
                },
                "authentication": "@parameters('$authentication')"
              }
            },
            "Get_a_Update_User": {
              "runAfter": {
                "Relate_rows": [
                  "Succeeded"
                ]
              },
              "metadata": {
                "operationMetadataId": "89b56321-4c0c-438b-aef6-37ade909fe68"
              },
              "type": "OpenApiConnection",
              "inputs": {
                "host": {
                  "connectionName": "shared_commondataserviceforapps",
                  "operationId": "GetItem",
                  "apiId": "/providers/Microsoft.PowerApps/apis/shared_commondataserviceforapps"
                },
                "parameters": {
                  "entityName": "systemusers",
                  "recordId": "@triggerOutputs()?['body/_bah_updateuser_value']"
                },
                "authentication": "@parameters('$authentication')"
              }
            },
            "Relate_rows": {
              "runAfter": {
                "Get_a_Security_Role_by_ID": [
                  "Succeeded"
                ]
              },
              "metadata": {
                "operationMetadataId": "5bf40491-80e9-4fe3-a98a-793eb6103c95"
              },
              "type": "OpenApiConnection",
              "inputs": {
                "host": {
                  "connectionName": "shared_commondataserviceforapps",
                  "operationId": "AssociateEntities",
                  "apiId": "/providers/Microsoft.PowerApps/apis/shared_commondataserviceforapps"
                },
                "parameters": {
                  "entityName": "systemusers",
                  "recordId": "@triggerOutputs()?['body/_bah_updateuser_value']",
                  "associationEntityRelationship": "systemuserroles_association",
                  "item/@odata.id": "@outputs('Get_a_Security_Role_by_ID')?['body/@odata.id']"
                },
                "authentication": "@parameters('$authentication')"
              }
            }
          },
          "runAfter": {
            "List_Role_Selections_from_Job_Role": [
              "Succeeded"
            ]
          },
          "metadata": {
            "operationMetadataId": "eccf2512-c9ec-46c0-84a2-da78bf4b30e3"
          },
          "type": "Foreach"
        },
        "GetJobRole": {
          "runAfter": {
            "List_Job_Role": [
              "Succeeded"
            ]
          },
          "metadata": {
            "operationMetadataId": "9b18e5b4-bdf7-40d3-a7fc-75e65f725fca"
          },
          "type": "Compose",
          "inputs": "@first(outputs('List_Job_Role')['body/value'])"
        },
        "Get_Job_Role_ID": {
          "runAfter": {
            "GetJobRole": [
              "Succeeded"
            ]
          },
          "metadata": {
            "operationMetadataId": "414f9bd8-8fe8-4a11-9ac9-ed1e343f3855"
          },
          "type": "Compose",
          "inputs": "@outputs('GetJobRole')['bah_job_roleid']"
        }
      }
    },
    "templateName": ""
  },
  "schemaVersion": "1.0.0.0"
}