{
  "properties": {
    "connectionReferences": {
      "shared_commondataserviceforapps": {
        "runtimeSource": "embedded",
        "connection": {
          "connectionReferenceLogicalName": "bah_sharedcommondataserviceforapps_9d4f6"
        },
        "api": {
          "name": "shared_commondataserviceforapps"
        }
      },
      "shared_office365": {
        "runtimeSource": "embedded",
        "connection": {
          "connectionReferenceLogicalName": "bah_sharedoffice365_d9a9f"
        },
        "api": {
          "name": "shared_office365"
        }
      }
    },
    "definition": {
      "$schema": "https://schema.management.azure.com/providers/Microsoft.Logic/schemas/2016-06-01/workflowdefinition.json#",
      "contentVersion": "1.0.0.0",
      "parameters": {
        "$connections": {
          "defaultValue": {},
          "type": "Object"
        },
        "$authentication": {
          "defaultValue": {},
          "type": "SecureObject"
        }
      },
      "triggers": {
        "When_a_row_is_added,_modified_or_deleted": {
          "metadata": {
            "operationMetadataId": "97f5ac47-e601-4022-8e6e-a169effcb5cb"
          },
          "type": "OpenApiConnectionWebhook",
          "inputs": {
            "host": {
              "connectionName": "shared_commondataserviceforapps",
              "operationId": "SubscribeWebhookTrigger",
              "apiId": "/providers/Microsoft.PowerApps/apis/shared_commondataserviceforapps"
            },
            "parameters": {
              "subscriptionRequest/message": 1,
              "subscriptionRequest/entityname": "bah_help_ticket",
              "subscriptionRequest/scope": 4,
              "subscriptionRequest/filterexpression": "statuscode eq 810050001"
            },
            "authentication": "@parameters('$authentication')"
          }
        }
      },
      "actions": {
        "GetHelpTicket": {
          "runAfter": {},
          "metadata": {
            "operationMetadataId": "fdc7653a-dd82-4eb5-bcff-2bd985931186"
          },
          "type": "OpenApiConnection",
          "inputs": {
            "host": {
              "connectionName": "shared_commondataserviceforapps",
              "operationId": "GetItem",
              "apiId": "/providers/Microsoft.PowerApps/apis/shared_commondataserviceforapps"
            },
            "parameters": {
              "entityName": "bah_help_tickets",
              "recordId": "@triggerOutputs()?['body/bah_help_ticketid']"
            },
            "authentication": "@parameters('$authentication')"
          }
        },
        "GetOwnerType": {
          "runAfter": {
            "GetHelpTicket": [
              "Succeeded"
            ]
          },
          "metadata": {
            "operationMetadataId": "fa491208-8373-4058-9f45-f69c3d16f72b"
          },
          "type": "Compose",
          "inputs": "@outputs('GetHelpTicket')?['body/_ownerid_value@Microsoft.Dynamics.CRM.lookuplogicalname']"
        },
        "GetOwnerId": {
          "runAfter": {
            "GetOwnerType": [
              "Succeeded"
            ]
          },
          "metadata": {
            "operationMetadataId": "689525a0-2298-4185-8229-bad96366a275"
          },
          "type": "Compose",
          "inputs": "@outputs('GetHelpTicket')?['body/_ownerid_value']"
        },
        "IsTeamOrUser": {
          "actions": {
            "GetUsersFromTeam": {
              "runAfter": {},
              "metadata": {
                "operationMetadataId": "fb4a2973-1b25-4995-8d36-d7f9c955a4af"
              },
              "type": "OpenApiConnection",
              "inputs": {
                "host": {
                  "connectionName": "shared_commondataserviceforapps",
                  "operationId": "ListRecords",
                  "apiId": "/providers/Microsoft.PowerApps/apis/shared_commondataserviceforapps"
                },
                "parameters": {
                  "entityName": "systemusers",
                  "$select": "internalemailaddress",
                  "fetchXml": "<fetch version=\"1.0\" output-format=\"xml-platform\" mapping=\"logical\" distinct=\"true\">\n  <entity name=\"systemuser\">\n    <attribute name=\"fullname\" />\n    <attribute name=\"internalemailaddress\" />\n    <attribute name=\"title\" />\n    <attribute name=\"address1_telephone1\" />\n    <attribute name=\"positionid\" />\n    <attribute name=\"systemuserid\" />\n    <order attribute=\"fullname\" descending=\"false\" />\n    <link-entity name=\"teammembership\" from=\"systemuserid\" to=\"systemuserid\" visible=\"false\" intersect=\"true\">\n      <link-entity name=\"team\" from=\"teamid\" to=\"teamid\" alias=\"ab\">\n        <filter type=\"and\">\n          <condition attribute=\"teamid\" operator=\"eq\" value=\"@{outputs('GetOwnerId')}\" />\n        </filter>\n      </link-entity>\n    </link-entity>\n  </entity>\n</fetch>"
                },
                "authentication": "@parameters('$authentication')"
              }
            },
            "Apply_to_each": {
              "foreach": "@outputs('GetUsersFromTeam')?['body/value']",
              "actions": {
                "Condition": {
                  "actions": {
                    "Append_to_string_variable_2": {
                      "runAfter": {},
                      "metadata": {
                        "operationMetadataId": "a9a138e8-b386-4ae7-ac5f-f883033a7d9d"
                      },
                      "type": "AppendToStringVariable",
                      "inputs": {
                        "name": "ActivityParties",
                        "value": "@{items('Apply_to_each')?['internalemailaddress']};"
                      }
                    }
                  },
                  "runAfter": {},
                  "else": {
                    "actions": {
                      "Increment_Index": {
                        "runAfter": {},
                        "metadata": {
                          "operationMetadataId": "6deb798d-2c2a-460b-b8a6-659c89d79589"
                        },
                        "type": "IncrementVariable",
                        "inputs": {
                          "name": "Index",
                          "value": 1
                        }
                      },
                      "Append_to_string_variable": {
                        "runAfter": {
                          "Increment_Index": [
                            "Succeeded"
                          ]
                        },
                        "metadata": {
                          "operationMetadataId": "d1bdbf85-2161-4e9d-bab3-f7183f3e6b47"
                        },
                        "type": "AppendToStringVariable",
                        "inputs": {
                          "name": "ActivityParties",
                          "value": "@{items('Apply_to_each')?['internalemailaddress']};"
                        }
                      }
                    }
                  },
                  "expression": {
                    "equals": [
                      "@variables('Index')",
                      "@outputs('LengthOfTeam')"
                    ]
                  },
                  "metadata": {
                    "operationMetadataId": "76aefd3e-1f44-45df-a233-546bc2a99c01"
                  },
                  "type": "If"
                }
              },
              "runAfter": {
                "LengthOfTeam": [
                  "Succeeded"
                ]
              },
              "metadata": {
                "operationMetadataId": "f7b7dcd0-5237-4b94-a2af-5753c5ebfa10"
              },
              "type": "Foreach"
            },
            "LengthOfTeam": {
              "runAfter": {
                "GetUsersFromTeam": [
                  "Succeeded"
                ]
              },
              "metadata": {
                "operationMetadataId": "1bd7808d-e025-4e7f-a2d6-4e87be01778a"
              },
              "type": "Compose",
              "inputs": "@length(outputs('GetUsersFromTeam')['body/value'])"
            }
          },
          "runAfter": {
            "Initialize_Index": [
              "Succeeded"
            ]
          },
          "expression": {
            "equals": [
              "@outputs('GetOwnerType')",
              "team"
            ]
          },
          "metadata": {
            "operationMetadataId": "b5c9ba7b-37cb-4948-bbdb-02394c738127"
          },
          "type": "If"
        },
        "Initialize_ActivityParty": {
          "runAfter": {
            "BuildLink": [
              "Succeeded"
            ]
          },
          "metadata": {
            "operationMetadataId": "f333b548-49ce-4d52-9652-555b17961bb2"
          },
          "type": "InitializeVariable",
          "inputs": {
            "variables": [
              {
                "name": "ActivityParties",
                "type": "string"
              }
            ]
          }
        },
        "Initialize_Index": {
          "runAfter": {
            "Initialize_ActivityParty": [
              "Succeeded"
            ]
          },
          "metadata": {
            "operationMetadataId": "4687a6ac-aeee-4874-af3d-d3cb4760ac18"
          },
          "type": "InitializeVariable",
          "inputs": {
            "variables": [
              {
                "name": "Index",
                "type": "integer",
                "value": 1
              }
            ]
          }
        },
        "GetAdminConfig": {
          "runAfter": {
            "GetOwnerId": [
              "Succeeded"
            ]
          },
          "metadata": {
            "operationMetadataId": "30905046-9e60-4b96-8885-9cc22d6db4f2"
          },
          "type": "OpenApiConnection",
          "inputs": {
            "host": {
              "connectionName": "shared_commondataserviceforapps",
              "operationId": "ListRecords",
              "apiId": "/providers/Microsoft.PowerApps/apis/shared_commondataserviceforapps"
            },
            "parameters": {
              "entityName": "bah_admin_configs",
              "$select": "_bah_email_sender_value,bah_appname",
              "$top": 1
            },
            "authentication": "@parameters('$authentication')"
          }
        },
        "ComposeAdminConfig": {
          "runAfter": {
            "GetAdminConfig": [
              "Succeeded"
            ]
          },
          "metadata": {
            "operationMetadataId": "87a4982c-e4f0-4380-8bc5-487306e8445c"
          },
          "type": "Compose",
          "inputs": "@first(outputs('GetAdminConfig')['body/value'])"
        },
        "GetSenderId": {
          "runAfter": {
            "ComposeAdminConfig": [
              "Succeeded"
            ]
          },
          "metadata": {
            "operationMetadataId": "41a6ca56-ab75-4297-9d02-ef7c2c60f0b2"
          },
          "type": "Compose",
          "inputs": "@outputs('ComposeAdminConfig')['_bah_email_sender_value']"
        },
        "EmailBody": {
          "runAfter": {
            "IsTeamOrUser": [
              "Succeeded"
            ]
          },
          "metadata": {
            "operationMetadataId": "4661a9ca-ff3b-4aa2-9ff4-b8ecd532c7a5"
          },
          "type": "Compose",
          "inputs": "Greetings,<br>\n<br>\nA new Help Ticket has been created with the following details:<br>\n<br>\nName: @{outputs('GetHelpTicket')?['body/bah_name']}<br>\nType: @{outputs('GetHelpTicket')['body/bah_ticket_type@OData.Community.Display.V1.FormattedValue']\n}<br>\nPOC: @{outputs('GetHelpTicket')?['body/_bah_poc_value@OData.Community.Display.V1.FormattedValue']}<br>\n<br>\nClick on this link to navigate to this ticket:<br>\n<a href=\"@{outputs('BuildLink')}\">@{outputs('GetHelpTicket')?['body/bah_name']}</a><br>\n<br>\nRegards,<br>\nPET Admin<br>\n<br>\n<i>Note: This is an automated communication, please do not respond to this email.</i><br>"
        },
        "Get_Selected_App": {
          "runAfter": {
            "GetAppName": [
              "Succeeded"
            ]
          },
          "metadata": {
            "operationMetadataId": "d93e540b-1d80-4631-be7a-0073350ddf17"
          },
          "type": "OpenApiConnection",
          "inputs": {
            "host": {
              "connectionName": "shared_commondataserviceforapps",
              "operationId": "ListRecords",
              "apiId": "/providers/Microsoft.PowerApps/apis/shared_commondataserviceforapps"
            },
            "parameters": {
              "entityName": "appmodules",
              "$filter": "uniquename eq '@{outputs('GetAppName')}'"
            },
            "authentication": "@parameters('$authentication')"
          }
        },
        "GetAppName": {
          "runAfter": {
            "SenderEmail": [
              "Succeeded"
            ]
          },
          "metadata": {
            "operationMetadataId": "0422fa29-d2fd-45e3-8561-98a9ad59ff68"
          },
          "type": "Compose",
          "inputs": "@outputs('ComposeAdminConfig')['bah_appname']"
        },
        "GetApp": {
          "runAfter": {
            "Get_Selected_App": [
              "Succeeded"
            ]
          },
          "metadata": {
            "operationMetadataId": "59588a71-5e0c-4e39-9ce9-3dec9cb44c19"
          },
          "type": "Compose",
          "inputs": "@first(outputs('Get_Selected_App')['body/value'])"
        },
        "GetEnvURL": {
          "runAfter": {
            "GetAppId": [
              "Succeeded"
            ]
          },
          "metadata": {
            "operationMetadataId": "11f16de9-b657-4c4f-b86d-44b2608547a7"
          },
          "type": "Compose",
          "inputs": "@concat('https://', uriHost(outputs('GetApp')?['@odata.id']), '/main.aspx?appid=', outputs('GetAppId'), '&pagetype=entityrecord&etn=bah_help_ticket&id=')"
        },
        "BuildLink": {
          "runAfter": {
            "GetEnvURL": [
              "Succeeded"
            ]
          },
          "metadata": {
            "operationMetadataId": "e325fe07-1e44-4b9d-982d-4eca010bcf8b"
          },
          "type": "Compose",
          "inputs": "@concat(outputs('GetEnvURL'), outputs('GetHelpTicket')?['body/bah_help_ticketid'])"
        },
        "GetAppId": {
          "runAfter": {
            "GetApp": [
              "Succeeded"
            ]
          },
          "metadata": {
            "operationMetadataId": "aa9c89b8-7485-4d3f-9612-a548b64906ab"
          },
          "type": "Compose",
          "inputs": "@outputs('GetApp')?['appmoduleid']"
        },
        "Send_an_email_(V2)": {
          "runAfter": {
            "EmailBody": [
              "Succeeded"
            ]
          },
          "metadata": {
            "operationMetadataId": "af426525-2b0d-4272-bd95-912d5c023f18"
          },
          "type": "OpenApiConnection",
          "inputs": {
            "host": {
              "connectionName": "shared_office365",
              "operationId": "SendEmailV2",
              "apiId": "/providers/Microsoft.PowerApps/apis/shared_office365"
            },
            "parameters": {
              "emailMessage/To": "@variables('ActivityParties')",
              "emailMessage/Subject": "PET: Help Ticket@{outputs('GetHelpTicket')?['body/bah_name']} Created",
              "emailMessage/Body": "@outputs('EmailBody')",
              "emailMessage/From": "@outputs('SenderEmail')",
              "emailMessage/Importance": "Normal"
            },
            "authentication": "@parameters('$authentication')"
          }
        },
        "GetSender": {
          "runAfter": {
            "GetSenderId": [
              "Succeeded"
            ]
          },
          "metadata": {
            "operationMetadataId": "0b392d44-2b72-4393-bde7-327cfe919472"
          },
          "type": "OpenApiConnection",
          "inputs": {
            "host": {
              "connectionName": "shared_commondataserviceforapps",
              "operationId": "GetItem",
              "apiId": "/providers/Microsoft.PowerApps/apis/shared_commondataserviceforapps"
            },
            "parameters": {
              "entityName": "systemusers",
              "recordId": "@outputs('GetSenderId')",
              "$select": "internalemailaddress"
            },
            "authentication": "@parameters('$authentication')"
          }
        },
        "SenderEmail": {
          "runAfter": {
            "GetSender": [
              "Succeeded"
            ]
          },
          "metadata": {
            "operationMetadataId": "cd04b58f-4cd8-4567-9cba-f32966dbfd03"
          },
          "type": "Compose",
          "inputs": "@outputs('GetSender')?['internalemailaddress']"
        }
      }
    },
    "templateName": ""
  },
  "schemaVersion": "1.0.0.0"
}