{
  "properties": {
    "connectionReferences": {
      "shared_commondataserviceforapps": {
        "runtimeSource": "embedded",
        "connection": {
          "connectionReferenceLogicalName": "bah_sharedcommondataserviceforapps_4dca6"
        },
        "api": {
          "name": "shared_commondataserviceforapps"
        }
      }
    },
    "definition": {
      "$schema": "https://schema.management.azure.com/providers/Microsoft.Logic/schemas/2016-06-01/workflowdefinition.json#",
      "contentVersion": "1.0.0.0",
      "parameters": {
        "$connections": {
          "defaultValue": {},
          "type": "Object"
        },
        "$authentication": {
          "defaultValue": {},
          "type": "SecureObject"
        }
      },
      "triggers": {
        "When_a_Help_Ticket_is_Modified": {
          "metadata": {
            "operationMetadataId": "ad3cf80a-a953-4336-9878-60cd7158fee5"
          },
          "type": "OpenApiConnectionWebhook",
          "inputs": {
            "host": {
              "connectionName": "shared_commondataserviceforapps",
              "operationId": "SubscribeWebhookTrigger",
              "apiId": "/providers/Microsoft.PowerApps/apis/shared_commondataserviceforapps"
            },
            "parameters": {
              "subscriptionRequest/message": 3,
              "subscriptionRequest/entityname": "bah_help_ticket",
              "subscriptionRequest/scope": 4,
              "subscriptionRequest/filterexpression": "(statecode eq 0 and _bah_rolesfromuser_value ne null and bah_applyroles eq true and _bah_updateuser_value ne null)"
            },
            "authentication": "@parameters('$authentication')"
          },
          "conditions": [
            {
              "expression": "@equals(triggerBody()?['bah_applyroles'],true)"
            }
          ]
        }
      },
      "actions": {
        "List_Copy_From_User_Roles": {
          "runAfter": {
            "Cancel_if_Remove_Roles": [
              "Succeeded"
            ]
          },
          "metadata": {
            "operationMetadataId": "71aa0220-f538-404f-95a9-7d68b2b2618a"
          },
          "type": "OpenApiConnection",
          "inputs": {
            "host": {
              "connectionName": "shared_commondataserviceforapps",
              "operationId": "ListRecords",
              "apiId": "/providers/Microsoft.PowerApps/apis/shared_commondataserviceforapps"
            },
            "parameters": {
              "entityName": "systemusers",
              "$select": "fullname,_positionid_value,systemuserid",
              "fetchXml": "<fetch version=\"1.0\" output-format=\"xml-platform\" mapping=\"logical\" distinct=\"true\">\n  <entity name=\"systemuser\">\n    <attribute name=\"fullname\" />\n    <attribute name=\"systemuserid\" />\n    <filter>\n      <condition attribute=\"systemuserid\" operator=\"eq\" value=\"@{triggerOutputs()?['body/_bah_rolesfromuser_value']}\" />\n    </filter>\n    <order attribute=\"fullname\" descending=\"false\" />\n    <link-entity name=\"systemuserroles\" from=\"systemuserid\" to=\"systemuserid\" visible=\"false\" intersect=\"true\">\n      <link-entity name=\"role\" from=\"roleid\" to=\"roleid\" alias=\"aa\">\n        <attribute name=\"name\" />\n        <attribute name=\"roleid\" />\n      </link-entity>\n    </link-entity>\n  </entity>\n</fetch>"
            },
            "authentication": "@parameters('$authentication')"
          }
        },
        "Cancel_if_Remove_Roles": {
          "actions": {
            "Terminate": {
              "runAfter": {},
              "metadata": {
                "operationMetadataId": "d9f00f96-2240-4eba-aa8d-1a95fe9d712a"
              },
              "type": "Terminate",
              "inputs": {
                "runStatus": "Cancelled"
              }
            }
          },
          "runAfter": {},
          "expression": {
            "equals": [
              "@triggerOutputs()?['body/bah_removeroles']",
              0
            ]
          },
          "metadata": {
            "operationMetadataId": "81855aba-fdba-4b6d-a211-e2a45c3a1932"
          },
          "type": "If"
        },
        "Apply_to_each_2": {
          "foreach": "@outputs('List_Copy_From_User_Roles')?['body/value']",
          "actions": {
            "Compose": {
              "runAfter": {},
              "metadata": {
                "operationMetadataId": "572fc0a0-fcb3-419d-91be-f9d032dd6355"
              },
              "type": "Compose",
              "inputs": "@items('Apply_to_each_2')"
            },
            "Parse_JSON_3": {
              "runAfter": {
                "Compose": [
                  "Succeeded"
                ]
              },
              "metadata": {
                "operationMetadataId": "eb3918a7-2737-4d4d-8707-2bb38ddc4fa4"
              },
              "type": "ParseJson",
              "inputs": {
                "content": "@outputs('Compose')",
                "schema": {
                  "type": "object",
                  "properties": {
                    "@@odata.type": {
                      "type": "string"
                    },
                    "@@odata.id": {
                      "type": "string"
                    },
                    "@@odata.etag": {
                      "type": "string"
                    },
                    "@@odata.editLink": {
                      "type": "string"
                    },
                    "fullname": {
                      "type": "string"
                    },
                    "systemuserid@odata.type": {
                      "type": "string"
                    },
                    "systemuserid": {
                      "type": "string"
                    },
                    "ownerid@odata.type": {
                      "type": "string"
                    },
                    "ownerid": {
                      "type": "string"
                    },
                    "aa.name@OData.Community.Display.V1.AttributeName": {
                      "type": "string"
                    },
                    "aa.name": {
                      "type": "string"
                    },
                    "aa.roleid@OData.Community.Display.V1.AttributeName": {
                      "type": "string"
                    },
                    "aa.roleid@odata.type": {
                      "type": "string"
                    },
                    "aa.roleid": {
                      "type": "string"
                    },
                    "positionid@odata.associationLink": {
                      "type": "string"
                    },
                    "positionid@odata.navigationLink": {
                      "type": "string"
                    }
                  }
                }
              }
            },
            "Role_Name": {
              "runAfter": {
                "Parse_JSON_3": [
                  "Succeeded"
                ]
              },
              "metadata": {
                "operationMetadataId": "c6ec0a04-5036-4bcf-8dec-060b4bf13c29"
              },
              "type": "Compose",
              "inputs": "@body('Parse_JSON_3')?['aa.name']"
            },
            "Role_ID": {
              "runAfter": {
                "Role_Name": [
                  "Succeeded"
                ]
              },
              "metadata": {
                "operationMetadataId": "f8dd5240-24d2-4995-85c4-f734151d62d7"
              },
              "type": "Compose",
              "inputs": "@body('Parse_JSON_3')?['aa.roleid']"
            },
            "Get_a_row_by_ID": {
              "runAfter": {
                "Role_ID": [
                  "Succeeded"
                ]
              },
              "metadata": {
                "operationMetadataId": "3b881dd4-8069-4c8e-a4c5-bc4470e9f2ab"
              },
              "type": "OpenApiConnection",
              "inputs": {
                "host": {
                  "connectionName": "shared_commondataserviceforapps",
                  "operationId": "GetItem",
                  "apiId": "/providers/Microsoft.PowerApps/apis/shared_commondataserviceforapps"
                },
                "parameters": {
                  "entityName": "roles",
                  "recordId": "@outputs('Role_ID')"
                },
                "authentication": "@parameters('$authentication')"
              }
            },
            "Relate_rows": {
              "runAfter": {
                "Get_a_row_by_ID": [
                  "Succeeded"
                ]
              },
              "metadata": {
                "operationMetadataId": "71d1e1dc-0e2e-4ad1-ba08-d82ce40b177b"
              },
              "type": "OpenApiConnection",
              "inputs": {
                "host": {
                  "connectionName": "shared_commondataserviceforapps",
                  "operationId": "AssociateEntities",
                  "apiId": "/providers/Microsoft.PowerApps/apis/shared_commondataserviceforapps"
                },
                "parameters": {
                  "entityName": "systemusers",
                  "recordId": "@triggerOutputs()?['body/_bah_updateuser_value']",
                  "associationEntityRelationship": "systemuserroles_association",
                  "item/@odata.id": "@outputs('Get_a_row_by_ID')?['body/@odata.id']"
                },
                "authentication": "@parameters('$authentication')"
              }
            },
            "Add_a_new_Note_to_Help_Ticket": {
              "runAfter": {
                "Get_a_row_by_ID_2": [
                  "Succeeded"
                ]
              },
              "metadata": {
                "operationMetadataId": "148b3b60-51ca-4625-ac9d-b34dd27926d9"
              },
              "type": "OpenApiConnection",
              "inputs": {
                "host": {
                  "connectionName": "shared_commondataserviceforapps",
                  "operationId": "CreateRecord",
                  "apiId": "/providers/Microsoft.PowerApps/apis/shared_commondataserviceforapps"
                },
                "parameters": {
                  "entityName": "annotations",
                  "item/subject": "@{outputs('Role_Name')} Added",
                  "item/notetext": "@{outputs('Role_Name')} added to user  @{outputs('Get_a_row_by_ID_2')?['body/fullname']}@{outputs('Get_a_row_by_ID_2')?['body/domainname']}",
                  "item/objectid_bah_help_ticket@odata.bind": "/bah_help_tickets(@{triggerOutputs()?['body/bah_help_ticketid']})"
                },
                "authentication": "@parameters('$authentication')"
              }
            },
            "Get_a_row_by_ID_2": {
              "runAfter": {
                "Relate_rows": [
                  "Succeeded"
                ]
              },
              "metadata": {
                "operationMetadataId": "89b56321-4c0c-438b-aef6-37ade909fe68"
              },
              "type": "OpenApiConnection",
              "inputs": {
                "host": {
                  "connectionName": "shared_commondataserviceforapps",
                  "operationId": "GetItem",
                  "apiId": "/providers/Microsoft.PowerApps/apis/shared_commondataserviceforapps"
                },
                "parameters": {
                  "entityName": "systemusers",
                  "recordId": "@triggerOutputs()?['body/_bah_updateuser_value']"
                },
                "authentication": "@parameters('$authentication')"
              }
            }
          },
          "runAfter": {
            "List_Copy_From_User_Roles": [
              "Succeeded"
            ]
          },
          "metadata": {
            "operationMetadataId": "f9a9b6d6-a56f-4797-aa7c-ba42795ea0f1"
          },
          "type": "Foreach"
        },
        "Update_a_row": {
          "runAfter": {
            "Apply_to_each_2": [
              "Succeeded"
            ]
          },
          "metadata": {
            "operationMetadataId": "60bd67d9-f36a-4d1c-948e-7b0342861adb"
          },
          "type": "OpenApiConnection",
          "inputs": {
            "host": {
              "connectionName": "shared_commondataserviceforapps",
              "operationId": "UpdateRecord",
              "apiId": "/providers/Microsoft.PowerApps/apis/shared_commondataserviceforapps"
            },
            "parameters": {
              "entityName": "bah_help_tickets",
              "recordId": "@triggerOutputs()?['body/bah_help_ticketid']",
              "item/bah_applyroles": false
            },
            "authentication": "@parameters('$authentication')"
          }
        }
      }
    },
    "templateName": ""
  },
  "schemaVersion": "1.0.0.0"
}