{
  "properties": {
    "connectionReferences": {
      "shared_commondataserviceforapps": {
        "runtimeSource": "embedded",
        "connection": {
          "connectionReferenceLogicalName": "bah_sharedcommondataserviceforapps_9d4f6"
        },
        "api": {
          "name": "shared_commondataserviceforapps"
        }
      }
    },
    "definition": {
      "$schema": "https://schema.management.azure.com/providers/Microsoft.Logic/schemas/2016-06-01/workflowdefinition.json#",
      "contentVersion": "1.0.0.0",
      "parameters": {
        "$connections": {
          "defaultValue": {},
          "type": "Object"
        },
        "$authentication": {
          "defaultValue": {},
          "type": "SecureObject"
        }
      },
      "triggers": {
        "manual": {
          "metadata": {
            "operationMetadataId": "dcf7b4c7-4b38-4649-b46e-6b75b82206c6"
          },
          "type": "Request",
          "kind": "PowerApp",
          "inputs": {
            "schema": {
              "type": "object",
              "properties": {
                "POC_Inputs": {
                  "type": "any",
                  "description": "Inputs",
                  "x-ms-powerflows-param-ispartial": false
                },
                "UserToUpdate_Inputs": {
                  "type": "any",
                  "description": "Inputs",
                  "x-ms-powerflows-param-ispartial": false
                },
                "JobRole_Inputs": {
                  "type": "any",
                  "description": "Inputs",
                  "x-ms-powerflows-param-ispartial": false
                }
              },
              "required": [
                "POC_Inputs",
                "UserToUpdate_Inputs",
                "JobRole_Inputs"
              ]
            }
          }
        }
      },
      "actions": {
        "Add_a_new_row": {
          "runAfter": {
            "JobRoleId": [
              "Succeeded"
            ]
          },
          "metadata": {
            "operationMetadataId": "16e32d42-95b6-40a0-8c42-b2567b888e9b"
          },
          "type": "OpenApiConnection",
          "inputs": {
            "host": {
              "connectionName": "shared_commondataserviceforapps",
              "operationId": "CreateRecord",
              "apiId": "/providers/Microsoft.PowerApps/apis/shared_commondataserviceforapps"
            },
            "parameters": {
              "entityName": "bah_help_tickets",
              "item/bah_name": "UAR-Remove",
              "item/bah_ticket_type": 810050001,
              "item/bah_removeroles": true,
              "item/bah_issubmission": true,
              "item/bah_applicationname": "@outputs('Job_Role')",
              "item/bah_job_role@odata.bind": "bah_job_roles(@{outputs('JobRoleId')})",
              "item/bah_UpdateUser@odata.bind": "systemusers(@{outputs('UserToUpdateId')})",
              "item/ownerid@odata.bind": "@outputs('OwnerUpdateString')",
              "item/bah_POC@odata.bind": "systemusers(@{outputs('POCID')})",
              "item/statuscode": 810050001,
              "item/bah_ticketiddatestring": "@outputs('ConcatDateString')",
              "item/bah_useraccessrequesttype": true
            },
            "authentication": {
              "type": "Raw",
              "value": "@json(decodeBase64(triggerOutputs().headers['X-MS-APIM-Tokens']))['$ConnectionKey']"
            }
          }
        },
        "GetPOC": {
          "runAfter": {
            "POC": [
              "Succeeded"
            ]
          },
          "metadata": {
            "operationMetadataId": "7529e0f0-82c4-49d3-8b72-b09410fb9c3b"
          },
          "type": "OpenApiConnection",
          "inputs": {
            "host": {
              "connectionName": "shared_commondataserviceforapps",
              "operationId": "ListRecords",
              "apiId": "/providers/Microsoft.PowerApps/apis/shared_commondataserviceforapps"
            },
            "parameters": {
              "entityName": "systemusers",
              "$filter": "fullname eq '@{outputs('POC')}'"
            },
            "authentication": {
              "type": "Raw",
              "value": "@json(decodeBase64(triggerOutputs().headers['X-MS-APIM-Tokens']))['$ConnectionKey']"
            }
          }
        },
        "ComposePOC": {
          "runAfter": {
            "GetPOC": [
              "Succeeded"
            ]
          },
          "metadata": {
            "operationMetadataId": "1197d543-8225-4953-9cea-acc4ae496b45"
          },
          "type": "Compose",
          "inputs": "@first(outputs('GetPOC')['body/value'])"
        },
        "POCID": {
          "runAfter": {
            "ComposePOC": [
              "Succeeded"
            ]
          },
          "metadata": {
            "operationMetadataId": "ab7be1db-cbbc-4646-91af-6e04c0247084"
          },
          "type": "Compose",
          "inputs": "@outputs('ComposePOC')?['systemuserid']"
        },
        "POC": {
          "runAfter": {
            "ConcatDateString": [
              "Succeeded"
            ]
          },
          "metadata": {
            "operationMetadataId": "992cc820-4c8f-4e5a-8812-81bf0f629355"
          },
          "type": "Compose",
          "inputs": "@triggerBody()['POC_Inputs']"
        },
        "GetAdminConfig": {
          "runAfter": {
            "POCID": [
              "Succeeded"
            ]
          },
          "metadata": {
            "operationMetadataId": "ffa6bfd1-9625-4057-b58c-e5d896074929"
          },
          "type": "OpenApiConnection",
          "inputs": {
            "host": {
              "connectionName": "shared_commondataserviceforapps",
              "operationId": "ListRecords",
              "apiId": "/providers/Microsoft.PowerApps/apis/shared_commondataserviceforapps"
            },
            "parameters": {
              "entityName": "bah_admin_configs",
              "$top": 1
            },
            "authentication": {
              "type": "Raw",
              "value": "@json(decodeBase64(triggerOutputs().headers['X-MS-APIM-Tokens']))['$ConnectionKey']"
            }
          }
        },
        "ComposeAdminConfig": {
          "runAfter": {
            "GetAdminConfig": [
              "Succeeded"
            ]
          },
          "metadata": {
            "operationMetadataId": "2464fe34-278f-4817-b94b-b32de29ef21b"
          },
          "type": "Compose",
          "inputs": "@first(outputs('GetAdminConfig')['body/value'])"
        },
        "UserOrTeam": {
          "runAfter": {
            "Initialize_OwnerObj": [
              "Succeeded"
            ]
          },
          "metadata": {
            "operationMetadataId": "86784e79-8f8d-411a-9100-76d5183f7b92"
          },
          "type": "Compose",
          "inputs": "@outputs('ComposeAdminConfig')['bah_user_or_team']"
        },
        "Initialize_OwnerObj": {
          "runAfter": {
            "ComposeAdminConfig": [
              "Succeeded"
            ]
          },
          "metadata": {
            "operationMetadataId": "67577797-63ee-4acc-b2f8-b4032ba11c29"
          },
          "type": "InitializeVariable",
          "inputs": {
            "variables": [
              {
                "name": "OwnerObject",
                "type": "object",
                "value": {
                  "ownerid": "",
                  "type": ""
                }
              }
            ]
          }
        },
        "IsUserOrTeam": {
          "actions": {
            "Set_Owner_Team": {
              "runAfter": {},
              "metadata": {
                "operationMetadataId": "4d02dd6b-b02a-4b78-96e9-b3cc4723fbd5"
              },
              "type": "SetVariable",
              "inputs": {
                "name": "OwnerObject",
                "value": {
                  "ownerid": "@{outputs('ComposeAdminConfig')['_bah_ownerteam_value']}",
                  "type": "teams"
                }
              }
            }
          },
          "runAfter": {
            "UserOrTeam": [
              "Succeeded"
            ]
          },
          "else": {
            "actions": {
              "Set_Owner_User": {
                "runAfter": {},
                "metadata": {
                  "operationMetadataId": "20b4f750-033b-4d52-90c8-a88c737e3c72"
                },
                "type": "SetVariable",
                "inputs": {
                  "name": "OwnerObject",
                  "value": {
                    "ownerid": "@{outputs('ComposeAdminConfig')['_bah_primaryowneruser_value']}",
                    "type": "systemusers"
                  }
                }
              }
            }
          },
          "expression": {
            "equals": [
              "@outputs('UserOrTeam')",
              810050001
            ]
          },
          "metadata": {
            "operationMetadataId": "a63c3676-f475-4e5e-87f6-462103cc6b09"
          },
          "type": "If"
        },
        "GetOwnerId": {
          "runAfter": {
            "IsUserOrTeam": [
              "Succeeded"
            ]
          },
          "metadata": {
            "operationMetadataId": "ddba728b-a67a-4c6a-bc3e-1d480c104f6b"
          },
          "type": "Compose",
          "inputs": "@variables('OwnerObject')?['ownerid']"
        },
        "GetOwnerType": {
          "runAfter": {
            "GetOwnerId": [
              "Succeeded"
            ]
          },
          "metadata": {
            "operationMetadataId": "66a19400-7dad-4376-9ddc-2823cc46b1f6"
          },
          "type": "Compose",
          "inputs": "@variables('OwnerObject')['type']"
        },
        "OwnerUpdateString": {
          "runAfter": {
            "GetOwnerType": [
              "Succeeded"
            ]
          },
          "metadata": {
            "operationMetadataId": "0605b4fa-0e20-41f0-ae5c-93b630a52aca"
          },
          "type": "Compose",
          "inputs": "@concat(outputs('GetOwnerType'), '(', outputs('GetOwnerId'), ')')"
        },
        "Now": {
          "runAfter": {
            "Job_Role": [
              "Succeeded"
            ]
          },
          "metadata": {
            "operationMetadataId": "04c89fa2-eadd-4ff7-bdf4-32ea52c5a49d"
          },
          "type": "Compose",
          "inputs": "@formatDateTime(utcNow(), 'd')"
        },
        "GetMonth": {
          "runAfter": {
            "Now": [
              "Succeeded"
            ]
          },
          "metadata": {
            "operationMetadataId": "39d3e176-be3b-408b-aa53-202d52d76413"
          },
          "type": "Compose",
          "inputs": "@if(greater(int(split(outputs('Now'), '/')[0]), 9), split(outputs('Now'), '/')[0], concat('0', split(outputs('Now'), '/')[0]))"
        },
        "GetYear": {
          "runAfter": {
            "GetMonth": [
              "Succeeded"
            ]
          },
          "metadata": {
            "operationMetadataId": "0876f5a8-a868-42a3-bdb4-a0511995e333"
          },
          "type": "Compose",
          "inputs": "@split(outputs('Now'), '/')[2]"
        },
        "ConcatDateString": {
          "runAfter": {
            "GetYear": [
              "Succeeded"
            ]
          },
          "metadata": {
            "operationMetadataId": "34bd7d9b-91dd-4760-a3ef-5050db3e140f"
          },
          "type": "Compose",
          "inputs": "@concat(outputs('GetYear'), outputs('GetMonth'))"
        },
        "GetUserToUpdate": {
          "runAfter": {
            "OwnerUpdateString": [
              "Succeeded"
            ]
          },
          "metadata": {
            "operationMetadataId": "c9c788d2-6edd-4d63-8f35-eb7e9b971508"
          },
          "type": "OpenApiConnection",
          "inputs": {
            "host": {
              "connectionName": "shared_commondataserviceforapps",
              "operationId": "ListRecords",
              "apiId": "/providers/Microsoft.PowerApps/apis/shared_commondataserviceforapps"
            },
            "parameters": {
              "entityName": "systemusers",
              "$filter": "fullname eq '@{outputs('UserToUpdate')}'"
            },
            "authentication": {
              "type": "Raw",
              "value": "@json(decodeBase64(triggerOutputs().headers['X-MS-APIM-Tokens']))['$ConnectionKey']"
            }
          }
        },
        "ComposeUserToUpdate": {
          "runAfter": {
            "GetUserToUpdate": [
              "Succeeded"
            ]
          },
          "metadata": {
            "operationMetadataId": "429dac9c-be5c-4deb-9d1d-35b0cfac1b6d"
          },
          "type": "Compose",
          "inputs": "@first(outputs('GetUserToUpdate')['body/value'])"
        },
        "UserToUpdateId": {
          "runAfter": {
            "ComposeUserToUpdate": [
              "Succeeded"
            ]
          },
          "metadata": {
            "operationMetadataId": "aa18c229-c263-44b1-a91b-c9a3289684bb"
          },
          "type": "Compose",
          "inputs": "@outputs('ComposeUserToUpdate')['systemuserid']"
        },
        "GetJobRole": {
          "runAfter": {
            "UserToUpdateId": [
              "Succeeded"
            ]
          },
          "metadata": {
            "operationMetadataId": "cafd2220-4b2a-4954-b861-e444665e1817"
          },
          "type": "OpenApiConnection",
          "inputs": {
            "host": {
              "connectionName": "shared_commondataserviceforapps",
              "operationId": "ListRecords",
              "apiId": "/providers/Microsoft.PowerApps/apis/shared_commondataserviceforapps"
            },
            "parameters": {
              "entityName": "bah_job_roles",
              "$filter": "bah_name eq '@{outputs('Job_Role')}'"
            },
            "authentication": {
              "type": "Raw",
              "value": "@json(decodeBase64(triggerOutputs().headers['X-MS-APIM-Tokens']))['$ConnectionKey']"
            }
          }
        },
        "ComposeJobRole": {
          "runAfter": {
            "GetJobRole": [
              "Succeeded"
            ]
          },
          "metadata": {
            "operationMetadataId": "e7d088cc-c71f-4700-bec5-46385a9005f4"
          },
          "type": "Compose",
          "inputs": "@first(outputs('GetJobRole')['body/value'])"
        },
        "JobRoleId": {
          "runAfter": {
            "ComposeJobRole": [
              "Succeeded"
            ]
          },
          "metadata": {
            "operationMetadataId": "deb3e207-7717-4c03-ac4c-e583192703d6"
          },
          "type": "Compose",
          "inputs": "@outputs('ComposeJobRole')['bah_job_roleid']"
        },
        "UserToUpdate": {
          "runAfter": {},
          "metadata": {
            "operationMetadataId": "5c92dd3a-c4e5-4bb0-92a2-7bdf3b045d43"
          },
          "type": "Compose",
          "inputs": "@triggerBody()['UserToUpdate_Inputs']"
        },
        "Job_Role": {
          "runAfter": {
            "UserToUpdate": [
              "Succeeded"
            ]
          },
          "metadata": {
            "operationMetadataId": "2280f6a8-150b-465a-84b4-67f93cd32fe3"
          },
          "type": "Compose",
          "inputs": "@triggerBody()['JobRole_Inputs']"
        }
      }
    },
    "templateName": ""
  },
  "schemaVersion": "1.0.0.0"
}