<ImportExportXml version="9.2.23021.198" SolutionPackageVersion="9.2" languagecode="1033" generatedBy="CrmLive" xmlns:xsi="http://www.w3.org/2001/XMLSchema-instance">
  <SolutionManifest>
    <UniqueName>CustomerSupport</UniqueName>
    <LocalizedNames>
      <LocalizedName description="PET" languagecode="1033" />
    </LocalizedNames>
    <Descriptions />
    <Version>1.0.0.0</Version>
    <Managed>1</Managed>
    <Publisher>
      <UniqueName>BoozAllenHamilton</UniqueName>
      <LocalizedNames>
        <LocalizedName description="BAH" languagecode="1033" />
      </LocalizedNames>
      <Descriptions />
      <EMailAddress xsi:nil="true"></EMailAddress>
      <SupportingWebsiteUrl xsi:nil="true"></SupportingWebsiteUrl>
      <CustomizationPrefix>bah</CustomizationPrefix>
      <CustomizationOptionValuePrefix>81005</CustomizationOptionValuePrefix>
      <Addresses>
        <Address>
          <AddressNumber>1</AddressNumber>
          <AddressTypeCode>1</AddressTypeCode>
          <City xsi:nil="true"></City>
          <County xsi:nil="true"></County>
          <Country xsi:nil="true"></Country>
          <Fax xsi:nil="true"></Fax>
          <FreightTermsCode xsi:nil="true"></FreightTermsCode>
          <ImportSequenceNumber xsi:nil="true"></ImportSequenceNumber>
          <Latitude xsi:nil="true"></Latitude>
          <Line1 xsi:nil="true"></Line1>
          <Line2 xsi:nil="true"></Line2>
          <Line3 xsi:nil="true"></Line3>
          <Longitude xsi:nil="true"></Longitude>
          <Name xsi:nil="true"></Name>
          <PostalCode xsi:nil="true"></PostalCode>
          <PostOfficeBox xsi:nil="true"></PostOfficeBox>
          <PrimaryContactName xsi:nil="true"></PrimaryContactName>
          <ShippingMethodCode>1</ShippingMethodCode>
          <StateOrProvince xsi:nil="true"></StateOrProvince>
          <Telephone1 xsi:nil="true"></Telephone1>
          <Telephone2 xsi:nil="true"></Telephone2>
          <Telephone3 xsi:nil="true"></Telephone3>
          <TimeZoneRuleVersionNumber xsi:nil="true"></TimeZoneRuleVersionNumber>
          <UPSZone xsi:nil="true"></UPSZone>
          <UTCOffset xsi:nil="true"></UTCOffset>
          <UTCConversionTimeZoneCode xsi:nil="true"></UTCConversionTimeZoneCode>
        </Address>
        <Address>
          <AddressNumber>2</AddressNumber>
          <AddressTypeCode>1</AddressTypeCode>
          <City xsi:nil="true"></City>
          <County xsi:nil="true"></County>
          <Country xsi:nil="true"></Country>
          <Fax xsi:nil="true"></Fax>
          <FreightTermsCode xsi:nil="true"></FreightTermsCode>
          <ImportSequenceNumber xsi:nil="true"></ImportSequenceNumber>
          <Latitude xsi:nil="true"></Latitude>
          <Line1 xsi:nil="true"></Line1>
          <Line2 xsi:nil="true"></Line2>
          <Line3 xsi:nil="true"></Line3>
          <Longitude xsi:nil="true"></Longitude>
          <Name xsi:nil="true"></Name>
          <PostalCode xsi:nil="true"></PostalCode>
          <PostOfficeBox xsi:nil="true"></PostOfficeBox>
          <PrimaryContactName xsi:nil="true"></PrimaryContactName>
          <ShippingMethodCode>1</ShippingMethodCode>
          <StateOrProvince xsi:nil="true"></StateOrProvince>
          <Telephone1 xsi:nil="true"></Telephone1>
          <Telephone2 xsi:nil="true"></Telephone2>
          <Telephone3 xsi:nil="true"></Telephone3>
          <TimeZoneRuleVersionNumber xsi:nil="true"></TimeZoneRuleVersionNumber>
          <UPSZone xsi:nil="true"></UPSZone>
          <UTCOffset xsi:nil="true"></UTCOffset>
          <UTCConversionTimeZoneCode xsi:nil="true"></UTCConversionTimeZoneCode>
        </Address>
      </Addresses>
    </Publisher>
    <RootComponents>
      <RootComponent type="1" schemaName="bah_admin_config" behavior="0" />
      <RootComponent type="1" schemaName="bah_app_selection" behavior="0" />
      <RootComponent type="1" schemaName="bah_backlog" behavior="0" />
      <RootComponent type="1" schemaName="bah_help_ticket" behavior="0" />
      <RootComponent type="1" schemaName="bah_job_role" behavior="0" />
      <RootComponent type="1" schemaName="bah_role_selection" behavior="0" />
      <RootComponent type="1" schemaName="contact" behavior="1" />
      <RootComponent type="1" schemaName="email" behavior="1" />
      <RootComponent type="1" schemaName="role" behavior="1" />
      <RootComponent type="1" schemaName="systemuser" behavior="2" />
      <RootComponent type="1" schemaName="team" behavior="1" />
      <RootComponent type="9" schemaName="bah_backlogitemstatus" behavior="0" />
      <RootComponent type="9" schemaName="bah_backlogitemstatuses" behavior="0" />
      <RootComponent type="9" schemaName="bah_loe" behavior="0" />
      <RootComponent type="9" schemaName="bah_ticket_types" behavior="0" />
      <RootComponent type="9" schemaName="bah_userorteam" behavior="0" />
      <RootComponent type="29" id="{1282a589-46c0-ed11-83ff-002248268651}" behavior="0" />
      <RootComponent type="29" id="{2f9800ff-6ac2-ed11-83ff-002248268f7e}" behavior="0" />
      <RootComponent type="29" id="{4bde8815-84c0-ed11-83ff-002248268651}" behavior="0" />
      <RootComponent type="29" id="{4e9a20c8-fbc1-ed11-83ff-002248268651}" behavior="0" />
      <RootComponent type="29" id="{58c6321b-25c1-ed11-83ff-002248268f7e}" behavior="0" />
      <RootComponent type="29" id="{8c5cc600-18c0-ed11-83ff-002248268651}" behavior="0" />
      <RootComponent type="29" id="{92b741c4-8bc2-ed11-83ff-002248268651}" behavior="0" />
      <RootComponent type="29" id="{96c1706f-61c1-ed11-83ff-002248268f7e}" behavior="0" />
      <RootComponent type="29" id="{9f00fa94-42c0-ed11-83ff-002248268651}" behavior="0" />
      <RootComponent type="29" id="{b2487b9a-5cc1-ed11-83ff-002248268f7e}" behavior="0" />
      <RootComponent type="29" id="{b9ef68c0-3cc0-ed11-83ff-002248268651}" behavior="0" />
      <RootComponent type="29" id="{c277e6f4-3cc0-ed11-83ff-002248268651}" behavior="0" />
      <RootComponent type="29" id="{c6df5691-ecc0-ed11-83ff-002248268f7e}" behavior="0" />
      <RootComponent type="29" id="{c9f70fa1-9cc0-ed11-83ff-002248268651}" behavior="0" />
      <RootComponent type="29" id="{cf1d503c-77c2-ed11-83ff-002248268f7e}" behavior="0" />
      <RootComponent type="29" id="{d01aebfb-83c0-ed11-83ff-002248268651}" behavior="0" />
      <RootComponent type="29" id="{d9ba657f-ecc0-ed11-83ff-002248268f7e}" behavior="0" />
      <RootComponent type="29" id="{da0e365f-89c2-ed11-83ff-002248268651}" behavior="0" />
      <RootComponent type="29" id="{f595885e-78c2-ed11-83ff-002248268f7e}" behavior="0" />
      <RootComponent type="29" id="{fde5cd8c-b7c2-ed11-83ff-002248268f7e}" behavior="0" />
      <RootComponent type="29" id="{ff65f5df-eec0-ed11-83ff-002248268f7e}" behavior="0" />
      <RootComponent type="60" id="{c7b7c323-d9c2-ed11-83ff-002248268f7e}" behavior="0" />
      <RootComponent type="61" schemaName="bah_/Scripts/BacklogLibrary.js" behavior="0" />
      <RootComponent type="61" schemaName="bah_/Scripts/HelpTicketLibrary.js" behavior="0" />
      <RootComponent type="61" schemaName="bah_/Scripts/JobRoleLibrary.js" behavior="0" />
      <RootComponent type="61" schemaName="bah_folders" behavior="0" />
      <RootComponent type="61" schemaName="bah_helpdesk" behavior="0" />
      <RootComponent type="61" schemaName="bah_JobRole" behavior="0" />
      <RootComponent type="61" schemaName="bah_SecurityRolePadlock" behavior="0" />
      <RootComponent type="62" schemaName="new_DREAM" behavior="0" />
      <RootComponent type="80" schemaName="new_DREAM" behavior="0" />
      <RootComponent type="300" schemaName="bah_dreamcanvas_eea1e" behavior="0" />
      <RootComponent type="431" schemaName="bah_help_ticket bah_screenshot_of_issue" behavior="0" />
      <RootComponent type="432" schemaName="bah_help_ticket" behavior="0" />
    </RootComponents>
    <MissingDependencies>
      <MissingDependency>
        <Required type="2" schemaName="siteid" displayName="Site" parentSchemaName="systemuser" parentDisplayName="User" solution="msdynce_Service (9.0.5.56)">
          <package>msdynce_ServiceAnchor (9.0.23021.1010)</package>
        </Required>
        <Dependent type="26" schemaName="App Users" displayName="App Users" parentSchemaName="systemuser" parentDisplayName="User" id="{c95a7d0e-97c0-ed11-83ff-002248268651}" />
      </MissingDependency>
      <MissingDependency>
        <Required type="26" schemaName="All" displayName="All" parentSchemaName="systemuser" parentDisplayName="User" solution="OmnichannelBase (1.5.0.5954)" id="{07fd7812-3a72-eb11-a812-000d3a374668}">
          <package>UnifiedRoutingPrimeAnchor (1.5.16.6440)</package>
        </Required>
        <Dependent type="60" displayName="Information" parentDisplayName="Help Ticket" id="{b1ae8d32-84ee-48b8-be49-cd1a5c5a8c18}" />
      </MissingDependency>
      <MissingDependency>
        <Required type="26" schemaName="Users Being Followed" displayName="Users Being Followed" parentSchemaName="systemuser" parentDisplayName="User" solution="ActivityFeedsCore (9.0.0.0009)" id="{0dda4fb7-84bc-e011-b85e-00155d8a2749}" />
        <Dependent type="60" displayName="Information" parentDisplayName="Help Ticket" id="{b1ae8d32-84ee-48b8-be49-cd1a5c5a8c18}" />
      </MissingDependency>
      <MissingDependency>
        <Required type="26" schemaName="Users Who Follow You" displayName="Users Who Follow You" parentSchemaName="systemuser" parentDisplayName="User" solution="ActivityFeedsCore (9.0.0.0009)" id="{1d482328-ab23-486b-b241-26603d367f4d}" />
        <Dependent type="60" displayName="Information" parentDisplayName="Help Ticket" id="{b1ae8d32-84ee-48b8-be49-cd1a5c5a8c18}" />
      </MissingDependency>
      <MissingDependency>
        <Required type="26" schemaName="Users associated with User Profile" displayName="Users associated with User Profile" parentSchemaName="systemuser" parentDisplayName="User" solution="OmnichannelBase (1.5.0.5954)" id="{1edac89f-2337-e811-8135-000d3af71628}">
          <package>UnifiedRoutingPrimeAnchor (1.5.16.6440)</package>
        </Required>
        <Dependent type="60" displayName="Information" parentDisplayName="Help Ticket" id="{b1ae8d32-84ee-48b8-be49-cd1a5c5a8c18}" />
      </MissingDependency>
      <MissingDependency>
        <Required type="26" schemaName="Administrators" displayName="Administrators" parentSchemaName="systemuser" parentDisplayName="User" solution="OmnichannelBase (1.5.0.5954)" id="{27e6c8f8-3972-eb11-a812-000d3a374668}">
          <package>UnifiedRoutingPrimeAnchor (1.5.16.6440)</package>
        </Required>
        <Dependent type="60" displayName="Information" parentDisplayName="Help Ticket" id="{b1ae8d32-84ee-48b8-be49-cd1a5c5a8c18}" />
      </MissingDependency>
      <MissingDependency>
        <Required type="26" schemaName="Bot Users" displayName="Bot Users" parentSchemaName="systemuser" parentDisplayName="User" solution="OmnichannelBase (1.5.0.5954)" id="{28890f93-b2cb-e811-a94c-000d3a7083a8}">
          <package>UnifiedRoutingPrimeAnchor (1.5.16.6440)</package>
        </Required>
        <Dependent type="60" displayName="Information" parentDisplayName="Help Ticket" id="{b1ae8d32-84ee-48b8-be49-cd1a5c5a8c18}" />
      </MissingDependency>
      <MissingDependency>
        <Required type="26" schemaName="Omnichannel Users" displayName="Omnichannel Users" parentSchemaName="systemuser" parentDisplayName="User" solution="OmnichannelBase (1.5.0.5954)" id="{30561b8d-8dbd-e811-8149-000d3a45c66e}">
          <package>UnifiedRoutingPrimeAnchor (1.5.16.6440)</package>
        </Required>
        <Dependent type="60" displayName="Information" parentDisplayName="Help Ticket" id="{b1ae8d32-84ee-48b8-be49-cd1a5c5a8c18}" />
      </MissingDependency>
      <MissingDependency>
        <Required type="26" schemaName="Soft deleted Users" displayName="Soft deleted Users" parentSchemaName="systemuser" parentDisplayName="User" solution="AuthorizationCore (1.86.0.0)" id="{5fda842a-004b-42b4-a611-b93c2c69667e}" />
        <Dependent type="60" displayName="Information" parentDisplayName="Help Ticket" id="{b1ae8d32-84ee-48b8-be49-cd1a5c5a8c18}" />
      </MissingDependency>
      <MissingDependency>
        <Required type="26" schemaName="By Me" displayName="By Me" parentSchemaName="systemuser" parentDisplayName="User" solution="ActivityFeedsCore (9.0.0.0009)" id="{79ea2cce-4c0d-4de8-a6a4-ab4b2e362937}" />
        <Dependent type="60" displayName="Information" parentDisplayName="Help Ticket" id="{b1ae8d32-84ee-48b8-be49-cd1a5c5a8c18}" />
      </MissingDependency>
      <MissingDependency>
        <Required type="26" schemaName="Agents" displayName="Agents" parentSchemaName="systemuser" parentDisplayName="User" solution="OmnichannelBase (1.5.0.5954)" id="{94b84e8f-2772-eb11-a812-000d3a374668}">
          <package>UnifiedRoutingPrimeAnchor (1.5.16.6440)</package>
        </Required>
        <Dependent type="60" displayName="Information" parentDisplayName="Help Ticket" id="{b1ae8d32-84ee-48b8-be49-cd1a5c5a8c18}" />
      </MissingDependency>
      <MissingDependency>
        <Required type="26" schemaName="Bot agents" displayName="Bot agents" parentSchemaName="systemuser" parentDisplayName="User" solution="OmnichannelBotEnabler (1.5.0.4)" id="{99a522b5-e038-e911-a9aa-000d3a36c3bf}" />
        <Dependent type="60" displayName="Information" parentDisplayName="Help Ticket" id="{b1ae8d32-84ee-48b8-be49-cd1a5c5a8c18}" />
      </MissingDependency>
      <MissingDependency>
        <Required type="26" schemaName="@Me" displayName="@Me" parentSchemaName="systemuser" parentDisplayName="User" solution="ActivityFeedsCore (9.0.0.0009)" id="{9c91ff7f-3df9-4aa9-9f00-aaa2beb3192f}" />
        <Dependent type="60" displayName="Information" parentDisplayName="Help Ticket" id="{b1ae8d32-84ee-48b8-be49-cd1a5c5a8c18}" />
      </MissingDependency>
      <MissingDependency>
        <Required type="26" schemaName="Users I Follow" displayName="Users I Follow" parentSchemaName="systemuser" parentDisplayName="User" solution="ActivityFeedsCore (9.0.0.0009)" id="{b2529a68-5f90-e011-95ae-00155d9cfa02}" />
        <Dependent type="60" displayName="Information" parentDisplayName="Help Ticket" id="{b1ae8d32-84ee-48b8-be49-cd1a5c5a8c18}" />
      </MissingDependency>
      <MissingDependency>
        <Required type="26" schemaName="Supervisors" displayName="Supervisors" parentSchemaName="systemuser" parentDisplayName="User" solution="OmnichannelBase (1.5.0.5954)" id="{b702c2d1-1c72-eb11-a812-000d3a374668}">
          <package>UnifiedRoutingPrimeAnchor (1.5.16.6440)</package>
        </Required>
        <Dependent type="60" displayName="Information" parentDisplayName="Help Ticket" id="{b1ae8d32-84ee-48b8-be49-cd1a5c5a8c18}" />
      </MissingDependency>
      <MissingDependency>
        <Required type="26" schemaName="Users Following" displayName="Users Following" parentSchemaName="systemuser" parentDisplayName="User" solution="ActivityFeedsCore (9.0.0.0009)" id="{e8ac8d63-47ba-e011-b85e-00155d8a2749}" />
        <Dependent type="60" displayName="Information" parentDisplayName="Help Ticket" id="{b1ae8d32-84ee-48b8-be49-cd1a5c5a8c18}" />
      </MissingDependency>
      <MissingDependency>
        <Required type="59" schemaName="Emails by Month Due" displayName="Emails by Month Due" parentSchemaName="email" parentDisplayName="Email" solution="msdynce_AppCommon (9.0.4.0066)" id="{1ec1872a-23de-4294-9d7f-1b76272a5fd5}">
          <package>msdynce_AppCommonAnchor (9.0.23021.10001)</package>
        </Required>
        <Dependent type="60" displayName="Information" parentDisplayName="Help Ticket" id="{b1ae8d32-84ee-48b8-be49-cd1a5c5a8c18}" />
      </MissingDependency>
      <MissingDependency>
        <Required type="60" displayName="Help Ticket Requests" solution="Active" id="{80beb0f7-aac2-ed11-83ff-002248268f7e}" />
        <Dependent type="80" schemaName="new_DREAM" displayName="PET" />
      </MissingDependency>
      <MissingDependency>
        <Required type="61" schemaName="msdyn_/Images/AppModule_Default_Icon.png" displayName="msdyn_/Images/AppModule_Default_Icon.png" solution="AppModuleWebResources (2.5)" />
        <Dependent type="80" schemaName="new_DREAM" displayName="PET" />
      </MissingDependency>
      <MissingDependency>
        <Required type="66" schemaName="MscrmControls.FieldControls.ToggleControl" displayName="MscrmControls.FieldControls.ToggleControl" solution="BaseCustomControlsCore (9.0.2302.1014)" />
        <Dependent type="60" displayName="Information" parentDisplayName="Job Role" id="{03189525-1d96-432f-8de9-a96509a92067}" />
      </MissingDependency>
      <MissingDependency>
        <Required type="66" schemaName="MscrmControls.FieldControls.ToggleControl" displayName="MscrmControls.FieldControls.ToggleControl" solution="BaseCustomControlsCore (9.0.2302.1014)" />
        <Dependent type="60" displayName="Information" parentDisplayName="Help Ticket" id="{b1ae8d32-84ee-48b8-be49-cd1a5c5a8c18}" />
      </MissingDependency>
      <MissingDependency>
        <Required type="66" schemaName="MscrmControls.FieldControls.ToggleControl" displayName="MscrmControls.FieldControls.ToggleControl" solution="BaseCustomControlsCore (9.0.2302.1014)" />
        <Dependent type="60" displayName="Information" parentDisplayName="App Selection" id="{c7fbfe6c-651c-44ed-9c21-0584522dbbd1}" />
      </MissingDependency>
    </MissingDependencies>
  </SolutionManifest>
</ImportExportXml>