{
  "properties": {
    "connectionReferences": {
      "shared_commondataserviceforapps": {
        "runtimeSource": "embedded",
        "connection": {
          "connectionReferenceLogicalName": "bah_sharedcommondataserviceforapps_9d4f6"
        },
        "api": {
          "name": "shared_commondataserviceforapps"
        }
      }
    },
    "definition": {
      "$schema": "https://schema.management.azure.com/providers/Microsoft.Logic/schemas/2016-06-01/workflowdefinition.json#",
      "contentVersion": "1.0.0.0",
      "parameters": {
        "$connections": {
          "defaultValue": {},
          "type": "Object"
        },
        "$authentication": {
          "defaultValue": {},
          "type": "SecureObject"
        }
      },
      "triggers": {
        "When_a_Help_Ticket_is_Modified": {
          "metadata": {
            "operationMetadataId": "ad3cf80a-a953-4336-9878-60cd7158fee5"
          },
          "type": "OpenApiConnectionWebhook",
          "inputs": {
            "host": {
              "connectionName": "shared_commondataserviceforapps",
              "operationId": "SubscribeWebhookTrigger",
              "apiId": "/providers/Microsoft.PowerApps/apis/shared_commondataserviceforapps"
            },
            "parameters": {
              "subscriptionRequest/message": 3,
              "subscriptionRequest/entityname": "bah_help_ticket",
              "subscriptionRequest/scope": 4,
              "subscriptionRequest/filteringattributes": "bah_applyroles",
              "subscriptionRequest/filterexpression": "(statecode eq 0 and bah_removeroles eq true and _bah_rolesfromuser_value eq null and _bah_updateuser_value ne null and bah_applyroles eq true)"
            },
            "authentication": "@parameters('$authentication')"
          },
          "conditions": [
            {
              "expression": "@equals(triggerBody()?['bah_applyroles'],true)"
            }
          ]
        }
      },
      "actions": {
        "Update_a_row": {
          "runAfter": {
            "Apply_to_each": [
              "Succeeded"
            ]
          },
          "metadata": {
            "operationMetadataId": "60bd67d9-f36a-4d1c-948e-7b0342861adb"
          },
          "type": "OpenApiConnection",
          "inputs": {
            "host": {
              "connectionName": "shared_commondataserviceforapps",
              "operationId": "UpdateRecord",
              "apiId": "/providers/Microsoft.PowerApps/apis/shared_commondataserviceforapps"
            },
            "parameters": {
              "entityName": "bah_help_tickets",
              "recordId": "@triggerOutputs()?['body/bah_help_ticketid']",
              "item/bah_applyroles": false
            },
            "authentication": "@parameters('$authentication')"
          }
        },
        "List_Job_Roles": {
          "runAfter": {},
          "metadata": {
            "operationMetadataId": "c81b6d67-0436-4b21-9539-515d21581fe3"
          },
          "type": "OpenApiConnection",
          "inputs": {
            "host": {
              "connectionName": "shared_commondataserviceforapps",
              "operationId": "ListRecords",
              "apiId": "/providers/Microsoft.PowerApps/apis/shared_commondataserviceforapps"
            },
            "parameters": {
              "entityName": "bah_job_roles",
              "$filter": "(bah_name eq '@{triggerOutputs()?['body/bah_applicationname']}')"
            },
            "authentication": "@parameters('$authentication')"
          }
        },
        "List_rows": {
          "runAfter": {
            "GetJobRoleId": [
              "Succeeded"
            ]
          },
          "metadata": {
            "operationMetadataId": "e8d1cd5c-413c-4638-9e7c-5c82f9679899"
          },
          "type": "OpenApiConnection",
          "inputs": {
            "host": {
              "connectionName": "shared_commondataserviceforapps",
              "operationId": "ListRecords",
              "apiId": "/providers/Microsoft.PowerApps/apis/shared_commondataserviceforapps"
            },
            "parameters": {
              "entityName": "bah_role_selections",
              "fetchXml": "<fetch version=\"1.0\" mapping=\"logical\" no-lock=\"false\" distinct=\"true\">\n    <entity name=\"bah_role_selection\">\n        <attribute name=\"bah_role_selectionid\"/>\n        <attribute name=\"bah_name\"/>\n        <order attribute=\"bah_name\" descending=\"false\"/>\n        <filter type=\"and\">\n            <condition attribute=\"statecode\" operator=\"eq\" value=\"0\"/>\n        </filter>\n        <link-entity name=\"bah_job_role_bah_role_selection\" intersect=\"true\" visible=\"false\" from=\"bah_role_selectionid\" to=\"bah_role_selectionid\">\n            <link-entity name=\"bah_job_role\" alias=\"ad\" from=\"bah_job_roleid\" to=\"bah_job_roleid\">\n                <filter type=\"and\">\n                    <condition attribute=\"bah_job_roleid\" operator=\"eq\" value=\"@{outputs('GetJobRoleId')}\"/>\n                </filter>\n            </link-entity>\n        </link-entity>\n        <attribute name=\"bah_securityrole\"/>\n    </entity>\n</fetch>"
            },
            "authentication": "@parameters('$authentication')"
          }
        },
        "Apply_to_each": {
          "foreach": "@outputs('List_rows')?['body/value']",
          "actions": {
            "Get_a_Security_Role_by_ID": {
              "runAfter": {},
              "metadata": {
                "operationMetadataId": "3fdf64b9-99c8-4a2e-a149-fd553a8d20e1"
              },
              "type": "OpenApiConnection",
              "inputs": {
                "host": {
                  "connectionName": "shared_commondataserviceforapps",
                  "operationId": "GetItem",
                  "apiId": "/providers/Microsoft.PowerApps/apis/shared_commondataserviceforapps"
                },
                "parameters": {
                  "entityName": "roles",
                  "recordId": "@items('Apply_to_each')?['_bah_securityrole_value']"
                },
                "authentication": "@parameters('$authentication')"
              }
            },
            "Unrelate_rows": {
              "runAfter": {
                "Get_a_Security_Role_by_ID": [
                  "Succeeded"
                ]
              },
              "metadata": {
                "operationMetadataId": "9007a5dd-0a46-4565-aad0-dbe62f5139d1"
              },
              "type": "OpenApiConnection",
              "inputs": {
                "host": {
                  "connectionName": "shared_commondataserviceforapps",
                  "operationId": "DisassociateEntities",
                  "apiId": "/providers/Microsoft.PowerApps/apis/shared_commondataserviceforapps"
                },
                "parameters": {
                  "entityName": "systemusers",
                  "recordId": "@triggerOutputs()?['body/_bah_updateuser_value']",
                  "associationEntityRelationship": "systemuserroles_association",
                  "$id": "@outputs('Get_a_Security_Role_by_ID')?['body/@odata.id']"
                },
                "authentication": "@parameters('$authentication')"
              }
            },
            "Add_a_new_Note_to_Help_Ticket_2": {
              "runAfter": {
                "Get_a_Update_User": [
                  "Succeeded"
                ]
              },
              "metadata": {
                "operationMetadataId": "148b3b60-51ca-4625-ac9d-b34dd27926d9"
              },
              "type": "OpenApiConnection",
              "inputs": {
                "host": {
                  "connectionName": "shared_commondataserviceforapps",
                  "operationId": "CreateRecord",
                  "apiId": "/providers/Microsoft.PowerApps/apis/shared_commondataserviceforapps"
                },
                "parameters": {
                  "entityName": "annotations",
                  "item/subject": "@{outputs('Get_a_Security_Role_by_ID')?['body/name']} Removed",
                  "item/notetext": " @{outputs('Get_a_Security_Role_by_ID')?['body/name']} Removed removed from user  @{outputs('Get_a_Update_User')?['body/fullname']}",
                  "item/objectid_bah_help_ticket@odata.bind": "/bah_help_tickets(@{triggerOutputs()?['body/bah_help_ticketid']})"
                },
                "authentication": "@parameters('$authentication')"
              }
            },
            "Get_a_Update_User": {
              "runAfter": {
                "Unrelate_rows": [
                  "Succeeded"
                ]
              },
              "metadata": {
                "operationMetadataId": "89b56321-4c0c-438b-aef6-37ade909fe68"
              },
              "type": "OpenApiConnection",
              "inputs": {
                "host": {
                  "connectionName": "shared_commondataserviceforapps",
                  "operationId": "GetItem",
                  "apiId": "/providers/Microsoft.PowerApps/apis/shared_commondataserviceforapps"
                },
                "parameters": {
                  "entityName": "systemusers",
                  "recordId": "@triggerOutputs()?['body/_bah_updateuser_value']"
                },
                "authentication": "@parameters('$authentication')"
              }
            }
          },
          "runAfter": {
            "List_rows": [
              "Succeeded"
            ]
          },
          "metadata": {
            "operationMetadataId": "eccf2512-c9ec-46c0-84a2-da78bf4b30e3"
          },
          "type": "Foreach"
        },
        "GetJobRole": {
          "runAfter": {
            "Condition": [
              "Succeeded"
            ]
          },
          "metadata": {
            "operationMetadataId": "33caa34c-b205-4065-b9c6-7d372b3a2cb1"
          },
          "type": "Compose",
          "inputs": "@first(outputs('List_Job_Roles')['body/value'])"
        },
        "GetJobRoleId": {
          "runAfter": {
            "GetJobRole": [
              "Succeeded"
            ]
          },
          "metadata": {
            "operationMetadataId": "1acf7ebe-8b65-4cf3-8594-d65b127854ec"
          },
          "type": "Compose",
          "inputs": "@outputs('GetJobRole')['bah_job_roleid']"
        },
        "Condition": {
          "actions": {
            "Terminate": {
              "runAfter": {},
              "metadata": {
                "operationMetadataId": "a5e1bae5-5817-4218-9fb3-2d9b8a6a1f07"
              },
              "type": "Terminate",
              "inputs": {
                "runStatus": "Failed",
                "runError": {
                  "code": "ERROR",
                  "message": "The Name did not Match a Job Role."
                }
              }
            }
          },
          "runAfter": {
            "List_Job_Roles": [
              "Succeeded"
            ]
          },
          "expression": {
            "equals": [
              "@length(outputs('List_Job_Roles')['body/value'])",
              0
            ]
          },
          "metadata": {
            "operationMetadataId": "a8f1fe43-7d2c-47f3-ab93-b4146b6bcdfa"
          },
          "type": "If"
        }
      }
    },
    "templateName": ""
  },
  "schemaVersion": "1.0.0.0"
}