{
  "properties": {
    "connectionReferences": {
      "shared_commondataserviceforapps": {
        "runtimeSource": "embedded",
        "connection": {
          "connectionReferenceLogicalName": "bah_sharedcommondataserviceforapps_9d4f6"
        },
        "api": {
          "name": "shared_commondataserviceforapps"
        }
      }
    },
    "definition": {
      "$schema": "https://schema.management.azure.com/providers/Microsoft.Logic/schemas/2016-06-01/workflowdefinition.json#",
      "contentVersion": "1.0.0.0",
      "parameters": {
        "$connections": {
          "defaultValue": {},
          "type": "Object"
        },
        "$authentication": {
          "defaultValue": {},
          "type": "SecureObject"
        }
      },
      "triggers": {
        "manual": {
          "metadata": {
            "operationMetadataId": "ec3d5011-799e-47a0-bb7e-f9f1ab7bd067"
          },
          "type": "Request",
          "kind": "PowerApp",
          "inputs": {
            "schema": {
              "type": "object",
              "properties": {
                "Compose_Inputs": {
                  "type": "any"
                },
                "TicketType_Inputs": {
                  "type": "any",
                  "description": "Inputs",
                  "x-ms-powerflows-param-ispartial": false
                },
                "FirstName_Inputs": {
                  "type": "any",
                  "description": "Inputs",
                  "x-ms-powerflows-param-ispartial": false
                },
                "UsertoUpdate_Inputs": {
                  "type": "any",
                  "description": "Inputs",
                  "x-ms-powerflows-param-ispartial": false
                },
                "LastName_Inputs": {
                  "type": "any",
                  "description": "Inputs",
                  "x-ms-powerflows-param-ispartial": false
                },
                "EmailAddress_Inputs": {
                  "type": "any",
                  "description": "Inputs",
                  "x-ms-powerflows-param-ispartial": false
                },
                "Compose_Inputs_1": {
                  "type": "any"
                },
                "JobRole_Inputs": {
                  "type": "any",
                  "description": "Inputs",
                  "x-ms-powerflows-param-ispartial": false
                },
                "UsertoCopy_Inputs": {
                  "type": "any",
                  "description": "Inputs",
                  "x-ms-powerflows-param-ispartial": false
                },
                "NewOrUpdate_Inputs": {
                  "type": "any",
                  "description": "Inputs",
                  "x-ms-powerflows-param-ispartial": false
                },
                "SameRole_Inputs": {
                  "type": "any",
                  "description": "Inputs",
                  "x-ms-powerflows-param-ispartial": false
                },
                "POC_Inputs": {
                  "type": "any",
                  "description": "Inputs",
                  "x-ms-powerflows-param-ispartial": false
                },
                "POC_Inputs_1": {
                  "type": "any"
                },
                "POC_Inputs_2": {
                  "type": "any"
                },
                "POC_Inputs_3": {
                  "type": "any"
                }
              },
              "required": [
                "Compose_Inputs",
                "TicketType_Inputs",
                "FirstName_Inputs",
                "UsertoUpdate_Inputs",
                "LastName_Inputs",
                "EmailAddress_Inputs",
                "Compose_Inputs_1",
                "JobRole_Inputs",
                "UsertoCopy_Inputs",
                "NewOrUpdate_Inputs",
                "SameRole_Inputs",
                "POC_Inputs",
                "POC_Inputs_1",
                "POC_Inputs_2",
                "POC_Inputs_3"
              ]
            }
          }
        }
      },
      "actions": {
        "TicketType": {
          "runAfter": {
            "POC": [
              "Succeeded"
            ]
          },
          "metadata": {
            "operationMetadataId": "5abde57c-80c5-4f63-845b-e0997b1d6f7d"
          },
          "type": "Compose",
          "inputs": "@triggerBody()['TicketType_Inputs']"
        },
        "FirstName": {
          "runAfter": {
            "TicketType": [
              "Succeeded"
            ]
          },
          "metadata": {
            "operationMetadataId": "c4a18a37-b44a-4487-8540-37befe716ca8"
          },
          "type": "Compose",
          "inputs": "@triggerBody()['FirstName_Inputs']"
        },
        "Last_Name": {
          "runAfter": {
            "FirstName": [
              "Succeeded"
            ]
          },
          "metadata": {
            "operationMetadataId": "8820b02b-f8fb-40e4-95d2-be8e586b648b"
          },
          "type": "Compose",
          "inputs": "@triggerBody()['LastName_Inputs']"
        },
        "Email_Address": {
          "runAfter": {
            "Last_Name": [
              "Succeeded"
            ]
          },
          "metadata": {
            "operationMetadataId": "c3c9b67c-ded1-45d2-87e1-93a956f0d2f8"
          },
          "type": "Compose",
          "inputs": "@triggerBody()['EmailAddress_Inputs']"
        },
        "User_to_Update": {
          "runAfter": {
            "Email_Address": [
              "Succeeded"
            ]
          },
          "metadata": {
            "operationMetadataId": "b5f6c338-a4a5-41f5-b398-ad09a0c751f8"
          },
          "type": "Compose",
          "inputs": "@triggerBody()['UsertoUpdate_Inputs']"
        },
        "Job_Role": {
          "runAfter": {
            "User_to_Update": [
              "Succeeded"
            ]
          },
          "metadata": {
            "operationMetadataId": "81c7d8b3-1e07-4872-ac98-b56dac9be926"
          },
          "type": "Compose",
          "inputs": "@triggerBody()['JobRole_Inputs']"
        },
        "User_to_Copy": {
          "runAfter": {
            "Job_Role": [
              "Succeeded"
            ]
          },
          "metadata": {
            "operationMetadataId": "2d4adbaf-e6e8-4e07-8941-ae2da7644841"
          },
          "type": "Compose",
          "inputs": "@triggerBody()['UsertoCopy_Inputs']"
        },
        "NewOrUpdate": {
          "runAfter": {
            "User_to_Copy": [
              "Succeeded"
            ]
          },
          "metadata": {
            "operationMetadataId": "84cedb40-7642-4f44-ae3e-07ca4f075f85"
          },
          "type": "Compose",
          "inputs": "@triggerBody()['NewOrUpdate_Inputs']"
        },
        "SameRole": {
          "runAfter": {
            "NewOrUpdate": [
              "Succeeded"
            ]
          },
          "metadata": {
            "operationMetadataId": "d46ba6e1-9218-4279-871a-d9d6cf9dbe99"
          },
          "type": "Compose",
          "inputs": "@triggerBody()['SameRole_Inputs']"
        },
        "IsNewOrUpdate": {
          "actions": {
            "GetUserToUpdate": {
              "runAfter": {},
              "metadata": {
                "operationMetadataId": "c9c788d2-6edd-4d63-8f35-eb7e9b971508"
              },
              "type": "OpenApiConnection",
              "inputs": {
                "host": {
                  "connectionName": "shared_commondataserviceforapps",
                  "operationId": "ListRecords",
                  "apiId": "/providers/Microsoft.PowerApps/apis/shared_commondataserviceforapps"
                },
                "parameters": {
                  "entityName": "systemusers",
                  "$filter": "fullname eq '@{outputs('User_to_Update')}'"
                },
                "authentication": {
                  "type": "Raw",
                  "value": "@json(decodeBase64(triggerOutputs().headers['X-MS-APIM-Tokens']))['$ConnectionKey']"
                }
              }
            },
            "ComposeUserToUpdate": {
              "runAfter": {
                "GetUserToUpdate": [
                  "Succeeded"
                ]
              },
              "metadata": {
                "operationMetadataId": "429dac9c-be5c-4deb-9d1d-35b0cfac1b6d"
              },
              "type": "Compose",
              "inputs": "@first(outputs('GetUserToUpdate')['body/value'])"
            },
            "UserToUpdateId": {
              "runAfter": {
                "ComposeUserToUpdate": [
                  "Succeeded"
                ]
              },
              "metadata": {
                "operationMetadataId": "aa18c229-c263-44b1-a91b-c9a3289684bb"
              },
              "type": "Compose",
              "inputs": "@outputs('ComposeUserToUpdate')['systemuserid']"
            },
            "IsSameRole": {
              "actions": {
                "GetUserToCopy": {
                  "runAfter": {},
                  "metadata": {
                    "operationMetadataId": "0f05b67e-0946-486f-9a50-b29b8a03d0f5"
                  },
                  "type": "OpenApiConnection",
                  "inputs": {
                    "host": {
                      "connectionName": "shared_commondataserviceforapps",
                      "operationId": "ListRecords",
                      "apiId": "/providers/Microsoft.PowerApps/apis/shared_commondataserviceforapps"
                    },
                    "parameters": {
                      "entityName": "systemusers",
                      "$filter": "fullname eq '@{outputs('User_to_Copy')}'"
                    },
                    "authentication": {
                      "type": "Raw",
                      "value": "@json(decodeBase64(triggerOutputs().headers['X-MS-APIM-Tokens']))['$ConnectionKey']"
                    }
                  }
                },
                "ComposeUserToCopy": {
                  "runAfter": {
                    "GetUserToCopy": [
                      "Succeeded"
                    ]
                  },
                  "metadata": {
                    "operationMetadataId": "429dac9c-be5c-4deb-9d1d-35b0cfac1b6d"
                  },
                  "type": "Compose",
                  "inputs": "@first(outputs('GetUserToCopy')['body/value'])"
                },
                "UserToCopyId": {
                  "runAfter": {
                    "ComposeUserToCopy": [
                      "Succeeded"
                    ]
                  },
                  "metadata": {
                    "operationMetadataId": "aa18c229-c263-44b1-a91b-c9a3289684bb"
                  },
                  "type": "Compose",
                  "inputs": "@outputs('ComposeUserToCopy')['systemuserid']"
                },
                "Update_w_User_to_Copy": {
                  "runAfter": {
                    "UserToCopyId": [
                      "Succeeded"
                    ]
                  },
                  "metadata": {
                    "operationMetadataId": "ca4867fe-8e7c-46c8-b8c3-3d78a0090680"
                  },
                  "type": "OpenApiConnection",
                  "inputs": {
                    "host": {
                      "connectionName": "shared_commondataserviceforapps",
                      "operationId": "CreateRecord",
                      "apiId": "/providers/Microsoft.PowerApps/apis/shared_commondataserviceforapps"
                    },
                    "parameters": {
                      "entityName": "bah_help_tickets",
                      "item/bah_name": "UAR-Temp",
                      "item/bah_ticket_type": 810050001,
                      "item/bah_RolesFromUser@odata.bind": "systemusers(@{outputs('UserToCopyId')})",
                      "item/bah_UpdateUser@odata.bind": "systemusers(@{outputs('UserToUpdateId')})",
                      "item/ownerid@odata.bind": "@outputs('OwnerUpdateString')",
                      "item/bah_POC@odata.bind": "systemusers(@{outputs('POCID')})",
                      "item/statuscode": 810050001,
                      "item/bah_ticketiddatestring": "@outputs('ConcatDateString')",
                      "item/bah_useraccessrequesttype": true
                    },
                    "authentication": {
                      "type": "Raw",
                      "value": "@json(decodeBase64(triggerOutputs().headers['X-MS-APIM-Tokens']))['$ConnectionKey']"
                    }
                  }
                }
              },
              "runAfter": {
                "UserToUpdateId": [
                  "Succeeded"
                ]
              },
              "else": {
                "actions": {
                  "GetJobRole": {
                    "runAfter": {},
                    "metadata": {
                      "operationMetadataId": "cafd2220-4b2a-4954-b861-e444665e1817"
                    },
                    "type": "OpenApiConnection",
                    "inputs": {
                      "host": {
                        "connectionName": "shared_commondataserviceforapps",
                        "operationId": "ListRecords",
                        "apiId": "/providers/Microsoft.PowerApps/apis/shared_commondataserviceforapps"
                      },
                      "parameters": {
                        "entityName": "bah_job_roles",
                        "$filter": "bah_name eq '@{outputs('Job_Role')}'"
                      },
                      "authentication": {
                        "type": "Raw",
                        "value": "@json(decodeBase64(triggerOutputs().headers['X-MS-APIM-Tokens']))['$ConnectionKey']"
                      }
                    }
                  },
                  "ComposeJobRole": {
                    "runAfter": {
                      "GetJobRole": [
                        "Succeeded"
                      ]
                    },
                    "metadata": {
                      "operationMetadataId": "e7d088cc-c71f-4700-bec5-46385a9005f4"
                    },
                    "type": "Compose",
                    "inputs": "@first(outputs('GetJobRole')['body/value'])"
                  },
                  "JobRoleId": {
                    "runAfter": {
                      "ComposeJobRole": [
                        "Succeeded"
                      ]
                    },
                    "metadata": {
                      "operationMetadataId": "deb3e207-7717-4c03-ac4c-e583192703d6"
                    },
                    "type": "Compose",
                    "inputs": "@outputs('ComposeJobRole')['bah_job_roleid']"
                  },
                  "Update_w_Job_Role_": {
                    "runAfter": {
                      "JobRoleId": [
                        "Succeeded"
                      ]
                    },
                    "metadata": {
                      "operationMetadataId": "ca4867fe-8e7c-46c8-b8c3-3d78a0090680"
                    },
                    "type": "OpenApiConnection",
                    "inputs": {
                      "host": {
                        "connectionName": "shared_commondataserviceforapps",
                        "operationId": "CreateRecord",
                        "apiId": "/providers/Microsoft.PowerApps/apis/shared_commondataserviceforapps"
                      },
                      "parameters": {
                        "entityName": "bah_help_tickets",
                        "item/bah_name": "UAR-Temp",
                        "item/bah_ticket_type": 810050001,
                        "item/bah_applicationname": "@outputs('Job_Role')",
                        "item/bah_job_role@odata.bind": "bah_job_roles(@{outputs('JobRoleId')})",
                        "item/bah_UpdateUser@odata.bind": "systemusers(@{outputs('UserToUpdateId')})",
                        "item/ownerid@odata.bind": "@outputs('OwnerUpdateString')",
                        "item/bah_POC@odata.bind": "systemusers(@{outputs('POCID')})",
                        "item/statuscode": 810050001,
                        "item/bah_ticketiddatestring": "@outputs('ConcatDateString')",
                        "item/bah_useraccessrequesttype": true
                      },
                      "authentication": {
                        "type": "Raw",
                        "value": "@json(decodeBase64(triggerOutputs().headers['X-MS-APIM-Tokens']))['$ConnectionKey']"
                      }
                    }
                  }
                }
              },
              "expression": {
                "equals": [
                  "@outputs('SameRole')",
                  "Yes"
                ]
              },
              "metadata": {
                "operationMetadataId": "f2935b24-e5ce-4132-91b4-af9c1dc6b0a6"
              },
              "type": "If"
            }
          },
          "runAfter": {
            "OwnerUpdateString": [
              "Succeeded"
            ]
          },
          "else": {
            "actions": {
              "IsSameRole_2": {
                "actions": {
                  "GetUserToCopy_2": {
                    "runAfter": {},
                    "metadata": {
                      "operationMetadataId": "0f05b67e-0946-486f-9a50-b29b8a03d0f5"
                    },
                    "type": "OpenApiConnection",
                    "inputs": {
                      "host": {
                        "connectionName": "shared_commondataserviceforapps",
                        "operationId": "ListRecords",
                        "apiId": "/providers/Microsoft.PowerApps/apis/shared_commondataserviceforapps"
                      },
                      "parameters": {
                        "entityName": "systemusers",
                        "$filter": "fullname eq '@{outputs('User_to_Copy')}'"
                      },
                      "authentication": {
                        "type": "Raw",
                        "value": "@json(decodeBase64(triggerOutputs().headers['X-MS-APIM-Tokens']))['$ConnectionKey']"
                      }
                    }
                  },
                  "ComposeUserToCopy_2": {
                    "runAfter": {
                      "GetUserToCopy_2": [
                        "Succeeded"
                      ]
                    },
                    "metadata": {
                      "operationMetadataId": "429dac9c-be5c-4deb-9d1d-35b0cfac1b6d"
                    },
                    "type": "Compose",
                    "inputs": "@first(outputs('GetUserToCopy_2')['body/value'])"
                  },
                  "UserToCopyId_2": {
                    "runAfter": {
                      "ComposeUserToCopy_2": [
                        "Succeeded"
                      ]
                    },
                    "metadata": {
                      "operationMetadataId": "aa18c229-c263-44b1-a91b-c9a3289684bb"
                    },
                    "type": "Compose",
                    "inputs": "@outputs('ComposeUserToCopy_2')['systemuserid']"
                  },
                  "New_w_User_to_Copy": {
                    "runAfter": {
                      "UserToCopyId_2": [
                        "Succeeded"
                      ]
                    },
                    "metadata": {
                      "operationMetadataId": "ca4867fe-8e7c-46c8-b8c3-3d78a0090680"
                    },
                    "type": "OpenApiConnection",
                    "inputs": {
                      "host": {
                        "connectionName": "shared_commondataserviceforapps",
                        "operationId": "CreateRecord",
                        "apiId": "/providers/Microsoft.PowerApps/apis/shared_commondataserviceforapps"
                      },
                      "parameters": {
                        "entityName": "bah_help_tickets",
                        "item/bah_name": "UAR-Temp",
                        "item/bah_ticket_type": 810050001,
                        "item/bah_RolesFromUser@odata.bind": "systemusers(@{outputs('UserToCopyId_2')})",
                        "item/bah_issubmission": true,
                        "item/bah_newusername": "@concat(outputs('FirstName'), ' ', outputs('Last_Name'))",
                        "item/ownerid@odata.bind": "@outputs('OwnerUpdateString')",
                        "item/bah_POC@odata.bind": "systemusers(@{outputs('POCID')})",
                        "item/statuscode": 810050001,
                        "item/bah_ticketiddatestring": "@outputs('ConcatDateString')",
                        "item/bah_userid": "@outputs('Email_Address')"
                      },
                      "authentication": {
                        "type": "Raw",
                        "value": "@json(decodeBase64(triggerOutputs().headers['X-MS-APIM-Tokens']))['$ConnectionKey']"
                      }
                    }
                  }
                },
                "runAfter": {},
                "else": {
                  "actions": {
                    "GetJobRole_2": {
                      "runAfter": {},
                      "metadata": {
                        "operationMetadataId": "cafd2220-4b2a-4954-b861-e444665e1817"
                      },
                      "type": "OpenApiConnection",
                      "inputs": {
                        "host": {
                          "connectionName": "shared_commondataserviceforapps",
                          "operationId": "ListRecords",
                          "apiId": "/providers/Microsoft.PowerApps/apis/shared_commondataserviceforapps"
                        },
                        "parameters": {
                          "entityName": "bah_job_roles",
                          "$filter": "bah_name eq '@{outputs('Job_Role')}'"
                        },
                        "authentication": {
                          "type": "Raw",
                          "value": "@json(decodeBase64(triggerOutputs().headers['X-MS-APIM-Tokens']))['$ConnectionKey']"
                        }
                      }
                    },
                    "ComposeJobRole_2": {
                      "runAfter": {
                        "GetJobRole_2": [
                          "Succeeded"
                        ]
                      },
                      "metadata": {
                        "operationMetadataId": "e7d088cc-c71f-4700-bec5-46385a9005f4"
                      },
                      "type": "Compose",
                      "inputs": "@first(outputs('GetJobRole_2')['body/value'])"
                    },
                    "JobRoleId_2": {
                      "runAfter": {
                        "ComposeJobRole_2": [
                          "Succeeded"
                        ]
                      },
                      "metadata": {
                        "operationMetadataId": "deb3e207-7717-4c03-ac4c-e583192703d6"
                      },
                      "type": "Compose",
                      "inputs": "@outputs('ComposeJobRole_2')['bah_job_roleid']"
                    },
                    "New_w_Job_Role": {
                      "runAfter": {
                        "JobRoleId_2": [
                          "Succeeded"
                        ]
                      },
                      "metadata": {
                        "operationMetadataId": "ca4867fe-8e7c-46c8-b8c3-3d78a0090680"
                      },
                      "type": "OpenApiConnection",
                      "inputs": {
                        "host": {
                          "connectionName": "shared_commondataserviceforapps",
                          "operationId": "CreateRecord",
                          "apiId": "/providers/Microsoft.PowerApps/apis/shared_commondataserviceforapps"
                        },
                        "parameters": {
                          "entityName": "bah_help_tickets",
                          "item/bah_name": "UAR-Temp",
                          "item/bah_ticket_type": 810050001,
                          "item/bah_issubmission": true,
                          "item/bah_applicationname": "@outputs('Job_Role')",
                          "item/bah_job_role@odata.bind": "bah_job_roles(@{outputs('JobRoleId_2')})",
                          "item/bah_newusername": "@concat(outputs('FirstName'), ' ', outputs('Last_Name'))",
                          "item/ownerid@odata.bind": "@outputs('OwnerUpdateString')",
                          "item/bah_POC@odata.bind": "systemusers(@{outputs('POCID')})",
                          "item/statuscode": 810050001,
                          "item/bah_ticketiddatestring": "@outputs('ConcatDateString')",
                          "item/bah_userid": "@outputs('Email_Address')"
                        },
                        "authentication": {
                          "type": "Raw",
                          "value": "@json(decodeBase64(triggerOutputs().headers['X-MS-APIM-Tokens']))['$ConnectionKey']"
                        }
                      }
                    }
                  }
                },
                "expression": {
                  "equals": [
                    "@outputs('SameRole')",
                    "Yes"
                  ]
                },
                "metadata": {
                  "operationMetadataId": "f2935b24-e5ce-4132-91b4-af9c1dc6b0a6"
                },
                "type": "If"
              }
            }
          },
          "expression": {
            "equals": [
              "@bool(outputs('NewOrUpdate'))",
              "@true"
            ]
          },
          "metadata": {
            "operationMetadataId": "b625bc5f-77ac-490c-93be-053303e602b9"
          },
          "type": "If"
        },
        "POC": {
          "runAfter": {
            "ConcatDateString": [
              "Succeeded"
            ]
          },
          "metadata": {
            "operationMetadataId": "992cc820-4c8f-4e5a-8812-81bf0f629355"
          },
          "type": "Compose",
          "inputs": "@triggerBody()['POC_Inputs_3']"
        },
        "GetPOC": {
          "runAfter": {
            "SameRole": [
              "Succeeded"
            ]
          },
          "metadata": {
            "operationMetadataId": "7529e0f0-82c4-49d3-8b72-b09410fb9c3b"
          },
          "type": "OpenApiConnection",
          "inputs": {
            "host": {
              "connectionName": "shared_commondataserviceforapps",
              "operationId": "ListRecords",
              "apiId": "/providers/Microsoft.PowerApps/apis/shared_commondataserviceforapps"
            },
            "parameters": {
              "entityName": "systemusers",
              "$filter": "fullname eq '@{outputs('POC')}'"
            },
            "authentication": {
              "type": "Raw",
              "value": "@json(decodeBase64(triggerOutputs().headers['X-MS-APIM-Tokens']))['$ConnectionKey']"
            }
          }
        },
        "ComposePOC": {
          "runAfter": {
            "GetPOC": [
              "Succeeded"
            ]
          },
          "metadata": {
            "operationMetadataId": "1197d543-8225-4953-9cea-acc4ae496b45"
          },
          "type": "Compose",
          "inputs": "@first(outputs('GetPOC')['body/value'])"
        },
        "POCID": {
          "runAfter": {
            "ComposePOC": [
              "Succeeded"
            ]
          },
          "metadata": {
            "operationMetadataId": "ab7be1db-cbbc-4646-91af-6e04c0247084"
          },
          "type": "Compose",
          "inputs": "@outputs('ComposePOC')['systemuserid']"
        },
        "Now": {
          "runAfter": {},
          "metadata": {
            "operationMetadataId": "04c89fa2-eadd-4ff7-bdf4-32ea52c5a49d"
          },
          "type": "Compose",
          "inputs": "@formatDateTime(utcNow(), 'd')"
        },
        "GetYear": {
          "runAfter": {
            "Now": [
              "Succeeded"
            ]
          },
          "metadata": {
            "operationMetadataId": "0876f5a8-a868-42a3-bdb4-a0511995e333"
          },
          "type": "Compose",
          "inputs": "@split(outputs('Now'), '/')[2]"
        },
        "GetMonth": {
          "runAfter": {
            "GetYear": [
              "Succeeded"
            ]
          },
          "metadata": {
            "operationMetadataId": "39d3e176-be3b-408b-aa53-202d52d76413"
          },
          "type": "Compose",
          "inputs": "@if(greater(int(split(outputs('Now'), '/')[0]), 9), split(outputs('Now'), '/')[0], concat('0', split(outputs('Now'), '/')[0]))"
        },
        "ConcatDateString": {
          "runAfter": {
            "GetMonth": [
              "Succeeded"
            ]
          },
          "metadata": {
            "operationMetadataId": "34bd7d9b-91dd-4760-a3ef-5050db3e140f"
          },
          "type": "Compose",
          "inputs": "@concat(outputs('GetYear'), outputs('GetMonth'))"
        },
        "GetAdminConfig": {
          "runAfter": {
            "POCID": [
              "Succeeded"
            ]
          },
          "metadata": {
            "operationMetadataId": "ffa6bfd1-9625-4057-b58c-e5d896074929"
          },
          "type": "OpenApiConnection",
          "inputs": {
            "host": {
              "connectionName": "shared_commondataserviceforapps",
              "operationId": "ListRecords",
              "apiId": "/providers/Microsoft.PowerApps/apis/shared_commondataserviceforapps"
            },
            "parameters": {
              "entityName": "bah_admin_configs",
              "$top": 1
            },
            "authentication": {
              "type": "Raw",
              "value": "@json(decodeBase64(triggerOutputs().headers['X-MS-APIM-Tokens']))['$ConnectionKey']"
            }
          }
        },
        "ComposeAdminConfig": {
          "runAfter": {
            "GetAdminConfig": [
              "Succeeded"
            ]
          },
          "metadata": {
            "operationMetadataId": "2464fe34-278f-4817-b94b-b32de29ef21b"
          },
          "type": "Compose",
          "inputs": "@first(outputs('GetAdminConfig')['body/value'])"
        },
        "UserOrTeam": {
          "runAfter": {
            "Initialize_OwnerObj": [
              "Succeeded"
            ]
          },
          "metadata": {
            "operationMetadataId": "86784e79-8f8d-411a-9100-76d5183f7b92"
          },
          "type": "Compose",
          "inputs": "@outputs('ComposeAdminConfig')['bah_user_or_team']"
        },
        "IsUserOrTeam": {
          "actions": {
            "Set_Owner_Team": {
              "runAfter": {},
              "metadata": {
                "operationMetadataId": "4d02dd6b-b02a-4b78-96e9-b3cc4723fbd5"
              },
              "type": "SetVariable",
              "inputs": {
                "name": "OwnerObject",
                "value": {
                  "ownerid": "@{outputs('ComposeAdminConfig')['_bah_ownerteam_value']}",
                  "type": "teams"
                }
              }
            }
          },
          "runAfter": {
            "UserOrTeam": [
              "Succeeded"
            ]
          },
          "else": {
            "actions": {
              "Set_Owner_User": {
                "runAfter": {},
                "metadata": {
                  "operationMetadataId": "20b4f750-033b-4d52-90c8-a88c737e3c72"
                },
                "type": "SetVariable",
                "inputs": {
                  "name": "OwnerObject",
                  "value": {
                    "ownerid": "@{outputs('ComposeAdminConfig')['_bah_primaryowneruser_value']}",
                    "type": "systemusers"
                  }
                }
              }
            }
          },
          "expression": {
            "equals": [
              "@outputs('UserOrTeam')",
              810050001
            ]
          },
          "metadata": {
            "operationMetadataId": "a63c3676-f475-4e5e-87f6-462103cc6b09"
          },
          "type": "If"
        },
        "Initialize_OwnerObj": {
          "runAfter": {
            "ComposeAdminConfig": [
              "Succeeded"
            ]
          },
          "metadata": {
            "operationMetadataId": "67577797-63ee-4acc-b2f8-b4032ba11c29"
          },
          "type": "InitializeVariable",
          "inputs": {
            "variables": [
              {
                "name": "OwnerObject",
                "type": "object",
                "value": {
                  "ownerid": "",
                  "type": ""
                }
              }
            ]
          }
        },
        "OwnerUpdateString": {
          "runAfter": {
            "GetOwnerId": [
              "Succeeded"
            ]
          },
          "metadata": {
            "operationMetadataId": "0605b4fa-0e20-41f0-ae5c-93b630a52aca"
          },
          "type": "Compose",
          "inputs": "@concat(outputs('GetOwnerType'), '(', outputs('GetOwnerId'), ')')"
        },
        "GetOwnerType": {
          "runAfter": {
            "IsUserOrTeam": [
              "Succeeded"
            ]
          },
          "metadata": {
            "operationMetadataId": "66a19400-7dad-4376-9ddc-2823cc46b1f6"
          },
          "type": "Compose",
          "inputs": "@variables('OwnerObject')['type']"
        },
        "GetOwnerId": {
          "runAfter": {
            "GetOwnerType": [
              "Succeeded"
            ]
          },
          "metadata": {
            "operationMetadataId": "ddba728b-a67a-4c6a-bc3e-1d480c104f6b"
          },
          "type": "Compose",
          "inputs": "@variables('OwnerObject')?['ownerid']"
        }
      }
    },
    "templateName": ""
  },
  "schemaVersion": "1.0.0.0"
}